id,price,bedrooms,bathrooms,sqft_living,sqft_lot,floors,waterfront,view,condition,grade,sqft_above,sqft_basement,yr_built,yr_renovated,zipcode,lat,long,sqft_living15,sqft_lot15,last_sold_date,description,agent_name,transaction_type,currency,price_string
1,188907.78,2.0,1.5,1514,1832,2.5,NO,0,4,B,835,0.0,1965,0,98005,47.794949,-122.497627,1992,5000,2016-04-13,nan,M. Garcia,Rent,€,600k USD
2,156141.93,2.0,1.0,2169,4932,1.5,Y,4,3,10,1128,,1978,0,98002,47.573444,-122.4138,2346,5000,2015-07-04,Recently renovated,M. Garcia,rent,£,800K
3,197660.57,4.0,1.0,2960,3526,2.5,Y,0,good,B,1763,0.0,1972,0,nan,47.612911,-122.49009,2175,5000,2013-04-30,Recently renovated,John Smith,Sale,€,"€400,000"
4,257019.94,4.0,2.0,1606,2660,2,NO,1,1,A,1503,1500.0,1946,1970,Unknown,47.590326,-122.198184,1980,5000,2017-01-26,Modern apartment downtown,John Smith,sale,€,"£300,000"
5,151714.23,1.0,3.0,500,1974,3,NO,2,3,8,1971,0.0,1980,0,98006,47.532887,-122.441742,2007,5000,2015-03-09,Spacious family home,J. Smith,Lease,$,"£300,000"
6,151714.98,5.0,2.5,2495,2080,1.5,NO,2,3,B,1590,,2002,0,98002,47.646968,-122.152381,1566,5000,2010-11-10,Spacious family home,Robert Johnson,Rent,£,price: 600000
7,261388.7,1.0,2.5,1491,8307,2,NO,0,good,9,1323,500.0,1951,0,98004,47.613607,-122.24267,2586,5000,2020-12-08,Needs renovation,nan,rent,$,600k USD
8,204890.39,3.0,2.0,1048,2981,2,nan,4,1,7,2574,0.0,1917,0,98001,47.708466,-122.408233,3000,5062,2011-03-20,nan,J. Smith,Lease,£,1.2M
9,141373.09,4.0,3.5,1500,4407,1.5,Y,1,3,8,1453,500.0,1978,2000,98004,47.745278,-122.436912,1867,5000,2014-07-30,Needs renovation,John Smith,sale,$,nan
10,191523.92,5.0,2.0,1852,2007,1,NO,1,5,10,2081,0.0,1917,0,98001,47.663275,-122.24895,2019,5000,2017-12-26,Spacious family home,R. Johnson,nan,$,"€400,000"
11,5170110.1,4.0,1.0,1516,2018,1,NO,0,2,C,1299,0.0,1923,0,98004,47.509659,-122.139665,2406,5000,2018-12-11,Spacious family home,Maria Garcia,Lease,GBP,1.2M
12,5170110.1,4.0,2.5,500,5120,1,NO,1,5,9,1854,0.0,1922,2000,98005,47.685677,-122.212656,2403,5000,2022-10-22,nan,John Smith,sale,€,"$500,000"
13,5170110.1,3.0,1.0,2717,1518,3,Y,3,1,B,1964,0.0,1911,1990,98003,47.516617,-122.360581,2071,5000,2022-09-18,Cozy cottage,J. Smith,sale,GBP,600k USD
14,5170110.1,4.0,2.0,3019,2422,1,NO,2,4,D,1604,0.0,1922,0,98003,47.684907,-122.265047,1609,5000,2018-06-23,nan,Smith John,sale,$,"£300,000"
15,5170110.1,1.0,2.5,2521,3032,1,NO,3,good,7,500,500.0,1920,0,Unknown,47.705509,-122.375695,2727,5279,2022-06-27,Spacious family home,Smith John,rent,GBP,"€400,000"
16,5170110.1,5.0,3.5,1089,3151,2,NO,1,4,C,1509,500.0,1963,0,98001,47.55933,-122.10034,2272,5000,2015-02-08,Spacious family home,Robert Johnson,nan,nan,1.2M
17,120108.49,3.0,2.0,1838,2725,1.5,NO,0,3,8,2115,0.0,1989,0,98006,47.745804,-122.200464,2088,5000,2011-12-17,Recently renovated,M. Garcia,sale,nan,"£300,000"
18,178844.89,4.0,3.0,1994,3633,2,NO,0,1,7,1763,1000.0,1971,2020,98001,47.773326,-122.254247,1710,5000,2012-06-10,Needs renovation,R. Johnson,Lease,€,"€400,000"
19,123944.95,3.0,,2479,4215,1,NO,0,good,8,1722,500.0,1993,0,98001,47.743926,-122.330696,2023,5000,2020-06-04,Modern apartment downtown,Smith John,nan,€,"750,000.50"
20,106543.53,4.0,1.0,2534,4304,one,N,2,3,10,638,,1933,0,98001,47.591533,-122.252739,1274,5000,2011-05-16,nan,J. Smith,Sale,$,500K
21,252633.38,3.0,2.0,10000,1820,3,Y,3,1,A,1139,500.0,1901,2000,98006,47.675993,-122.363354,2296,5000,2017-08-14,Beautiful house with garden,Smith John,Lease,€,"£300,000"
22,152095.99,4.0,2.0,10000,2586,3,yes,0,4,8,1705,0.0,1968,0,98003,47.774445,-122.488454,2393,5000,2017-03-25,Modern apartment downtown,R. Johnson,rent,GBP,1.2M
23,166085.58,1.0,2.0,10000,5417,1.5,YES,1,3,8,1705,0.0,1930,0,Unknown,47.596199,-122.341965,2091,5000,2022-04-30,nan,R. Johnson,sale,EUR,nan
24,106146.51,1.0,2.0,10000,4662,2.5,NO,1,2,D,2107,500.0,1996,2010,98004,47.746008,-122.127808,1615,5000,2013-09-15,Luxury villa,Maria Garcia,nan,€,600k USD
25,138231.51,2.0,3.5,10000,1500,1,NO,1,2,A,1427,0.0,2017,1990,98001,47.502843,-122.24948,2180,5000,2011-12-04,nan,John Smith,Sale,GBP,"750,000.50"
26,168261.87,2.0,3.0,10000,3553,1,NO,0,1,8,1702,0.0,1967,1990,98006,47.501094,-122.466418,2314,5000,2016-05-22,Beautiful house with garden,John Smith,rent,nan,"1,500,000"
27,115231.9,5.0,2.5,2067,1108,1,Y,0,3,C,1508,0.0,1969,0,98001,47.727913,-122.146003,1702,5000,2016-01-04,Recently renovated,J. Smith,Rent,nan,price: 600000
28,182172.52,2.0,2.0,3128,3051,2,NO,0,4,B,1006,0.0,1986,1980,98006,47.728434,-122.39245,2373,5000,2015-07-03,Luxury villa,M. Garcia,Rent,GBP,800K
29,135918.18,,3.0,2327,7699,1.5,NO,0,3,7,500,0.0,2008,0,98001,47.736693,-122.402492,2209,5000,2011-01-19,Needs renovation,R. Johnson,Rent,nan,500K
30,149117.8,3.0,,1311,1855,2,Y,0,5,7,1715,0.0,1918,0,98002,47.779008,-122.381164,1890,5000,2015-08-21,Beautiful house with garden,John Smith,Sale,GBP,"1,500,000"
31,135874.65,2.0,3.0,3122,1964,1,nan,0,5,9,1586,0.0,2006,2020,98006,47.535372,-122.269119,1776,5000,2016-05-12,Spacious family home,nan,nan,€,nan
32,283703.07,4.0,1.0,2558,4367,1.5,NO,2,4,7,1190,500.0,2008,0,nan,47.569595,-122.282125,1928,5000,2012-06-04,Luxury villa,Smith John,Lease,EUR,nan
33,162097.1,4.0,2.5,1645,1378,2,NO,0,1,9,690,0.0,1971,1980,98003,47.771117,-122.303434,1611,5000,2014-05-11,Recently renovated,R. Johnson,Sale,$,"€400,000"
34,118502.19,3.0,1.0,1616,2172,1.5,NO,excellent,4,A,1814,0.0,2002,0,Unknown,47.553171,-122.212985,2104,5000,2023-11-08,nan,Maria Garcia,nan,$,nan
35,208306.01,3.0,2.0,2237,4016,2,NO,0,3,D,1367,0.0,1912,0,98001,47.704669,-122.373385,2223,5000,2022-01-16,nan,nan,Sale,€,600k USD
36,112842.34,4.0,1.0,2370,2170,1,NO,0,3,B,1778,0.0,1964,1970,Unknown,47.659139,-122.187174,2467,5000,2016-03-01,Beautiful house with garden,M. Garcia,nan,€,800K
37,173279.14,2.0,2.5,2157,2649,2.5,NO,0,4,9,2432,0.0,1905,0,98005,47.524958,-122.429871,2118,5000,2022-02-27,Spacious family home,M. Garcia,Sale,nan,"€400,000"
38,90408.99,,2.5,2249,4324,2,nan,0,3,B,500,0.0,1970,0,98001,47.585579,-122.186952,2156,5000,2014-11-19,Luxury villa,M. Garcia,Rent,USD,500K
39,109266.4,,1.0,3359,3680,1,NO,3,good,C,1150,0.0,2011,0,98002,47.656112,-122.234476,1892,5000,2023-06-23,Recently renovated,nan,LEASE,£,1.2M
40,172656.33,4.0,2.0,2857,3406,1,NO,0,2,7,1395,500.0,1926,2010,98001,47.755705,-122.226717,1650,5000,2021-04-10,nan,John Smith,nan,EUR,nan
41,203117.51,2.0,2.0,2152,2516,2,NO,good,4,C,2227,0.0,1978,0,98003,47.712262,-122.307379,1828,5000,2017-01-27,Luxury villa,Robert Johnson,nan,GBP,"€400,000"
42,171340.91,4.0,2.0,2753,3586,2.5,NO,4,1,B,681,0.0,1951,0,98002,47.686565,-122.233199,2571,5000,2014-09-26,Beautiful house with garden,M. Garcia,nan,£,"£300,000"
43,157204.93,1.0,1.0,1173,2802,1.5,no,1,good,8,2467,0.0,1997,0,98005,47.64881,-122.468081,2253,5000,2010-09-20,Spacious family home,nan,Lease,GBP,"€400,000"
44,148697.44,1.0,2.0,2318,3747,1,NO,1,2,A,1567,500.0,1986,2010,nan,47.589605,-122.15938,2162,5000,2017-03-16,Needs renovation,nan,LEASE,£,600k USD
45,104447.87,2.0,3.0,3447,2325,3,NO,2,1,A,1451,1000.0,1947,1960,98001,47.535773,-122.477781,1273,5000,2020-06-23,Cozy cottage,J. Smith,LEASE,$,nan
46,131143.41,3.0,1.0,1825,2720,2,NO,0,3,C,1400,500.0,2012,1960,98004,47.622723,-122.440503,2125,5000,2016-08-27,Recently renovated,Smith John,Sale,£,"$500,000"
47,141748.32,5.0,1.0,1321,1817,1.5,yes,2,3,9,1281,0.0,1987,0,98004,47.508556,-122.269284,1468,5000,2011-01-27,Beautiful house with garden,Robert Johnson,Lease,€,"$500,000"
48,223493.29,4.0,2.0,1478,2929,1.5,NO,0,2,8,2024,0.0,1978,0,nan,47.563317,-122.204235,1496,5000,2018-01-15,nan,Maria Garcia,LEASE,EUR,"750,000.50"
49,180427.71,4.0,3.5,1128,1987,1,yes,0,3,D,965,0.0,1998,0,98004,47.629745,-122.469499,1541,5000,2020-01-21,Spacious family home,Smith John,sale,$,price: 600000
50,95902.56,3.0,2.5,1372,1707,2,NO,1,3,8,1672,1000.0,1967,0,98004,47.625582,-122.131694,1690,5000,2011-06-24,Needs renovation,J. Smith,Sale,nan,nan
51,179373.44,3.0,2.5,1703,3392,1.5,NO,1,1,C,1307,0.0,1943,0,98003,47.513289,-122.110557,2333,5000,2013-01-20,Luxury villa,J. Smith,Sale,£,500K
52,144998.01,3.0,2.0,875,3315,one,NO,4,3,9,1118,,2000,2020,98002,47.676718,-122.25762,2090,5000,2012-06-02,Spacious family home,R. Johnson,Sale,EUR,600k USD
53,132843.02,,2.5,2012,4409,1.5,N,0,5,A,2792,500.0,1916,1980,98001,47.664905,-122.307503,1622,5000,2021-11-02,Cozy cottage,Robert Johnson,sale,€,"€400,000"
54,195536.61,1.0,1.0,2721,2402,1.5,N,3,4,9,1709,500.0,1994,0,98003,47.523431,-122.203442,1767,5000,2016-08-16,Needs renovation,Smith John,sale,nan,price: 600000
55,221748.66,5.0,2.5,1273,3655,2,NO,0,4,8,1806,0.0,1937,0,98001,47.782949,-122.368657,2199,5000,2013-10-31,Beautiful house with garden,John Smith,Rent,GBP,800K
56,215213.11,3.0,3.5,3215,3926,two,NO,0,4,7,2068,500.0,1909,1970,98004,47.529815,-122.302694,2279,5000,2014-04-26,nan,R. Johnson,rent,nan,nan
57,126530.0,3.0,2.5,2408,3723,2.5,NO,0,3,B,789,0.0,1953,0,98002,47.75645,-122.13354,2053,5000,2015-09-16,Spacious family home,J. Smith,Lease,USD,"1,500,000"
58,148336.15,4.0,3.5,2824,1972,1.5,NO,1,1,C,2376,0.0,2013,0,98004,47.500093,-122.117738,1541,5000,2023-02-08,Cozy cottage,M. Garcia,rent,EUR,500K
59,179760.2,3.0,3.0,1473,3212,2,NO,0,2,9,500,0.0,1990,0,98001,47.764684,-122.129172,1834,5000,2014-03-16,Spacious family home,Maria Garcia,Sale,GBP,"€400,000"
60,218090.1,5.0,1.0,2683,3576,2,Y,1,5,A,1115,1000.0,2005,0,nan,47.505916,-122.395021,2952,5000,2023-01-06,Modern apartment downtown,nan,LEASE,EUR,price: 600000
61,140962.3,5.0,3.5,1126,2991,1.5,N,3,fair,7,1270,0.0,1905,1980,Unknown,47.727344,-122.407012,1515,5000,2010-03-31,Recently renovated,Maria Garcia,Sale,EUR,"$500,000"
62,153937.55,3.0,1.0,2712,1050,1,NO,1,3,9,1790,0.0,2019,0,98001,47.608507,-122.380934,2149,5000,2021-06-22,Spacious family home,J. Smith,LEASE,EUR,"$500,000"
63,116786.12,2.0,2.5,2137,3230,1.5,NO,1,1,9,1609,0.0,1905,0,98002,47.721465,-122.323476,2848,5000,2014-07-13,Cozy cottage,M. Garcia,Rent,€,600k USD
64,113679.46,3.0,1.0,2442,9011,1,no,3,2,B,1416,500.0,1951,0,98005,47.620524,-122.374333,1890,5000,2015-03-17,Needs renovation,Smith John,nan,$,"1,500,000"
65,207680.84,5.0,1.0,1059,2489,two,no,2,3,9,1494,500.0,1914,1970,98001,47.521272,-122.350315,2733,5000,2017-05-03,Recently renovated,nan,rent,EUR,500K
66,244475.9,2.0,2.0,1283,2071,1.5,YES,1,3,9,1010,500.0,1967,0,98003,47.730252,-122.251745,1724,5000,2015-12-11,Beautiful house with garden,Maria Garcia,nan,€,price: 600000
67,159276.5,4.0,2.0,2477,3592,one,NO,0,1,7,751,0.0,1956,0,98002,47.521376,-122.19499,1210,5000,2011-01-01,Cozy cottage,M. Garcia,nan,USD,600k USD
68,219928.96,4.0,2.0,1241,3484,2,NO,4,good,A,1863,0.0,2011,2010,nan,47.776636,-122.205777,1768,5000,2020-11-04,Recently renovated,M. Garcia,Sale,$,price: 600000
69,181405.62,4.0,2.5,2370,5411,2,NO,1,3,A,1846,0.0,2017,2010,Unknown,47.515292,-122.174231,1696,5000,2016-06-30,Modern apartment downtown,John Smith,rent,€,1.2M
70,134116.5,2.0,1.0,906,1589,2,NO,0,good,C,2292,0.0,1955,2020,98004,47.643798,-122.487126,1331,5000,2023-12-10,nan,J. Smith,Rent,nan,500K
71,181392.54,4.0,1.0,2678,4297,1,YES,0,4,B,1104,1500.0,2003,1980,98004,47.71691,-122.480906,1833,5000,2011-06-03,Beautiful house with garden,M. Garcia,rent,USD,"750,000.50"
72,258179.66,5.0,2.5,1013,4004,1.5,NO,3,4,8,1846,0.0,1906,0,nan,47.617974,-122.184247,2396,5000,2023-09-01,Spacious family home,R. Johnson,LEASE,nan,600k USD
73,161014.9,2.0,2.0,2441,2776,1,NO,0,4,9,1358,0.0,1950,0,nan,47.56517,-122.286768,1762,5000,2020-02-28,Cozy cottage,Smith John,Lease,$,"$500,000"
74,260248.73,2.0,3.0,2500,3531,2,NO,excellent,4,C,2095,0.0,1957,0,nan,47.727727,-122.268744,1849,5000,2012-04-09,Luxury villa,Maria Garcia,nan,€,"750,000.50"
75,74167.14,,2.5,1442,4987,1.5,NO,0,4,7,2010,1000.0,2012,0,98001,47.735288,-122.478965,2548,5000,2017-03-18,Beautiful house with garden,R. Johnson,Rent,USD,"€400,000"
76,208265.87,2.0,3.0,2465,4610,2.5,no,3,4,A,1605,0.0,2016,2010,98001,47.776808,-122.397874,1700,5000,2010-09-28,Cozy cottage,John Smith,rent,€,"750,000.50"
77,167060.97,5.0,2.5,2208,1683,1,no,0,3,B,1330,0.0,1963,1980,98005,47.61285,-122.244658,2247,5000,2018-03-06,nan,Smith John,Sale,USD,"750,000.50"
78,148790.98,3.0,2.0,1568,4492,1,NO,1,fair,A,1980,500.0,2008,1960,98004,47.651876,-122.156327,1317,5000,2019-09-09,nan,Maria Garcia,sale,EUR,600k USD
79,167297.38,2.0,2.5,1193,2886,1.5,NO,4,4,C,1823,0.0,2010,0,98001,47.608939,-122.133207,1613,5000,2022-07-01,Beautiful house with garden,J. Smith,sale,EUR,"£300,000"
80,89655.46,5.0,2.0,500,3091,two,nan,1,4,9,1157,500.0,1925,2000,98001,47.577125,-122.299832,1914,5000,2023-03-08,Modern apartment downtown,Smith John,Rent,$,"750,000.50"
81,152374.78,3.0,2.0,2279,3092,2,NO,1,5,A,836,0.0,1957,1980,Unknown,47.72531,-122.28181,2483,5000,2012-10-04,Needs renovation,nan,sale,USD,"750,000.50"
82,181159.61,3.0,3.0,748,2765,1.5,NO,0,2,8,1355,500.0,1930,0,Unknown,47.601896,-122.16678,1634,5000,2016-05-06,Beautiful house with garden,Maria Garcia,Lease,EUR,price: 600000
83,253563.16,3.0,2.0,2076,5409,2,NO,0,1,D,2257,0.0,1965,1990,98003,47.628445,-122.28495,1630,5000,2011-08-28,Cozy cottage,John Smith,Rent,$,500K
84,139318.64,3.0,3.0,1789,2858,1,NO,0,3,9,2073,0.0,1991,0,Unknown,47.621102,-122.293257,2108,5000,2022-04-01,nan,nan,Sale,GBP,"$500,000"
85,127701.64,2.0,3.0,2543,1703,one,NO,2,3,B,943,1000.0,2005,0,98004,47.713798,-122.137966,2173,5000,2010-06-26,Needs renovation,R. Johnson,Sale,EUR,600k USD
86,140010.53,3.0,3.5,1758,2448,2,Y,0,5,B,916,0.0,1912,0,Unknown,47.775339,-122.184027,1585,5000,2016-05-10,Recently renovated,Maria Garcia,Rent,EUR,"1,500,000"
87,214190.4,,3.5,1736,3259,1,NO,0,3,A,2137,0.0,1917,0,98003,47.700027,-122.136371,1791,5000,2014-09-11,Luxury villa,nan,sale,£,"750,000.50"
88,179624.77,2.0,2.0,2585,5511,2,NO,1,3,D,932,0.0,1993,0,98001,47.641475,-122.412701,2434,5000,2011-09-29,Modern apartment downtown,M. Garcia,sale,€,800K
89,138839.23,4.0,2.0,2268,4030,1,N,2,3,C,1754,500.0,2018,0,98003,47.733762,-122.29025,1527,5000,2017-03-08,nan,John Smith,Sale,GBP,500K
90,189848.23,3.0,2.5,2252,1948,one,YES,2,1,8,1191,0.0,1974,2020,98003,47.692291,-122.163011,2136,5000,2021-05-18,Spacious family home,Smith John,Lease,USD,nan
91,167564.44,4.0,2.0,2375,10327,1,NO,0,4,8,2308,,1912,0,98004,47.518183,-122.455541,1792,5000,2017-08-10,nan,nan,LEASE,$,nan
92,217639.11,2.0,2.5,771,3402,2,NO,0,5,8,1114,,2014,1960,98001,47.528699,-122.182135,2561,5000,2020-04-10,Cozy cottage,Robert Johnson,sale,GBP,"1,500,000"
93,131845.24,,3.0,2605,5640,1,NO,good,2,7,2071,500.0,1923,0,nan,47.511375,-122.426811,2232,5000,2011-10-23,Cozy cottage,nan,Lease,USD,price: 600000
94,147517.39,3.0,2.5,2489,2763,2,YES,0,3,A,1592,0.0,1956,0,98002,47.637045,-122.176752,2352,5000,2021-12-14,Cozy cottage,J. Smith,nan,EUR,"1,500,000"
95,144692.71,2.0,2.0,1186,3892,2.5,NO,4,3,D,1626,0.0,1928,0,98001,47.747756,-122.2552,1784,5000,2018-09-23,Beautiful house with garden,R. Johnson,sale,nan,"1,500,000"
96,104919.17,1.0,1.5,1804,4535,2,NO,4,2,10,514,500.0,1955,0,98004,47.593925,-122.422706,2329,8492,2021-11-19,Luxury villa,John Smith,LEASE,£,"1,500,000"
97,177874.96,2.0,2.0,1968,5481,2,NO,3,2,7,500,0.0,1953,0,98004,47.615248,-122.310658,2319,5000,2023-01-08,Luxury villa,R. Johnson,Rent,nan,800K
98,176013.61,3.0,1.0,1892,5057,3,NO,0,fair,8,1389,0.0,1904,0,98003,47.772843,-122.227238,2207,5000,2010-03-26,Needs renovation,John Smith,rent,$,500K
99,163004.65,3.0,3.5,2267,4610,1,NO,3,3,7,1623,0.0,1934,0,98006,47.751071,-122.246459,1886,5000,2020-01-19,Beautiful house with garden,John Smith,Sale,$,"1,500,000"
100,151694.49,4.0,2.0,3145,2546,1.5,NO,3,2,B,937,0.0,1918,0,98004,47.699514,-122.329101,2065,5000,2012-06-25,Cozy cottage,Maria Garcia,Rent,GBP,"€400,000"
101,106445.54,3.0,1.5,2865,2239,1,NO,1,2,B,955,0.0,1954,1980,98005,47.580041,-122.140253,1258,5000,2019-08-23,Luxury villa,nan,sale,€,"£300,000"
102,143459.26,2.0,1.0,950,3520,one,NO,0,4,A,1780,0.0,1976,0,98006,47.535112,-122.292295,2703,5000,2015-02-19,nan,M. Garcia,LEASE,USD,1.2M
103,146852.75,4.0,2.5,2497,4753,1.5,N,0,4,C,1781,500.0,1968,0,98001,47.504818,-122.297653,1758,5000,2020-11-02,Cozy cottage,Robert Johnson,Sale,£,"$500,000"
104,127940.02,4.0,2.5,3063,2666,2,NO,0,4,B,1431,0.0,1943,0,98004,47.532103,-122.4751,1866,5000,2015-11-07,Cozy cottage,J. Smith,rent,£,"€400,000"
105,155067.27,2.0,2.0,2309,5077,2,NO,1,1,D,1890,0.0,1977,0,Unknown,47.587779,-122.131152,1472,5000,2017-02-09,Cozy cottage,nan,rent,nan,"750,000.50"
106,183728.66,2.0,1.0,2872,6162,1,yes,1,5,9,912,0.0,1937,0,98001,47.665537,-122.429153,2269,5000,2012-05-03,Modern apartment downtown,R. Johnson,LEASE,GBP,price: 600000
107,286603.72,1.0,2.0,3609,1885,1,NO,0,3,8,1322,0.0,1961,2020,98003,47.5192,-122.288662,2211,5000,2011-05-22,Spacious family home,J. Smith,LEASE,€,1.2M
108,171505.97,4.0,2.0,2818,1961,1,NO,1,3,9,2323,0.0,1921,1980,nan,47.540868,-122.178573,1881,5000,2011-02-12,Recently renovated,M. Garcia,sale,€,600k USD
109,175828.63,4.0,2.5,2199,2778,1.5,no,0,3,9,1534,500.0,1972,0,98003,47.554324,-122.413819,1066,5000,2011-06-08,nan,Maria Garcia,Sale,€,500K
110,159160.15,3.0,2.5,2836,3476,1,no,2,3,A,1563,,2012,0,98003,47.689595,-122.289051,1715,5000,2018-05-09,Recently renovated,Maria Garcia,nan,$,1.2M
111,91525.11,4.0,2.0,2115,2293,1,NO,good,5,A,2652,0.0,1939,0,nan,47.684737,-122.403726,2184,5000,2016-07-25,Needs renovation,M. Garcia,nan,USD,"750,000.50"
112,161465.35,4.0,1.5,2019,5861,3,YES,0,good,9,800,0.0,1925,1970,98001,47.66523,-122.196122,2100,5000,2017-12-09,Luxury villa,R. Johnson,sale,USD,"750,000.50"
113,165722.35,3.0,,1718,3685,one,NO,0,3,C,1898,0.0,2008,0,98001,47.57515,-122.274264,1981,5000,2010-11-24,Recently renovated,M. Garcia,rent,nan,"€400,000"
114,340773.27,5.0,2.0,3250,3040,1.5,yes,0,5,C,2331,,1904,0,Unknown,47.611336,-122.15761,1830,5000,2015-01-10,Needs renovation,Smith John,Rent,GBP,"$500,000"
115,153628.36,2.0,2.5,1345,1453,1.5,NO,2,4,C,1337,500.0,1992,1980,Unknown,47.529007,-122.142177,1368,5000,2013-08-02,Spacious family home,Maria Garcia,Rent,EUR,"€400,000"
116,178164.79,2.0,1.0,3225,1543,1,NO,2,good,C,1929,1000.0,1953,1970,98003,47.567938,-122.240507,2385,5000,2022-12-02,Cozy cottage,R. Johnson,Lease,GBP,"1,500,000"
117,161068.73,2.0,2.0,2399,3430,2,no,good,2,7,1008,0.0,1985,1980,98004,47.769312,-122.209844,1423,5000,2016-12-10,nan,John Smith,rent,USD,600k USD
118,114622.18,1.0,1.0,880,1026,2.5,YES,0,3,D,1156,,1948,2000,Unknown,47.793908,-122.280312,1918,5000,2015-08-04,nan,nan,nan,nan,price: 600000
119,229313.84,3.0,2.5,2294,4945,1,yes,excellent,2,7,1692,0.0,1902,2010,98006,47.694298,-122.346229,1586,5000,2016-12-09,Beautiful house with garden,J. Smith,nan,$,"$500,000"
120,203939.75,5.0,,500,2754,1,NO,0,5,9,1899,0.0,1991,0,98002,47.775047,-122.240753,2397,5000,2016-01-02,Modern apartment downtown,Maria Garcia,rent,GBP,500K
121,206345.99,1.0,2.0,2500,15086,2.5,NO,2,1,C,2060,1000.0,1937,0,98001,47.692823,-122.136685,2232,5000,2012-01-26,Spacious family home,M. Garcia,sale,nan,500K
122,123894.26,2.0,1.0,2708,9451,2,YES,0,3,C,2284,1500.0,1913,1980,98003,47.509959,-122.333328,1857,5000,2010-05-26,Spacious family home,John Smith,Lease,EUR,"£300,000"
123,247914.27,3.0,1.0,1526,2722,1,no,4,3,B,1466,0.0,1946,0,Unknown,47.799029,-122.374236,2276,5000,2020-06-19,Recently renovated,nan,LEASE,£,"$500,000"
124,106878.15,5.0,2.0,2098,2826,2,NO,1,3,C,2096,0.0,1913,2020,Unknown,47.529686,-122.344625,1403,5000,2019-10-15,Recently renovated,nan,Lease,GBP,nan
125,194086.09,3.0,1.5,3563,4903,1.5,NO,2,4,9,1328,0.0,2006,0,nan,47.704793,-122.325841,1968,5000,2014-06-16,Modern apartment downtown,nan,Sale,nan,"$500,000"
126,313996.36,3.0,1.0,1595,6985,1.5,NO,3,5,10,1951,0.0,1974,0,Unknown,47.575851,-122.470576,1578,5000,2023-06-25,nan,Smith John,sale,€,500K
127,120914.52,1.0,3.0,1152,1314,2.5,NO,0,4,9,1603,0.0,1972,0,98004,47.617594,-122.300623,2410,5000,2015-02-02,Beautiful house with garden,Robert Johnson,LEASE,EUR,1.2M
128,137325.69,2.0,2.0,3185,1220,2.5,nan,0,5,B,1722,,1937,0,98003,47.69378,-122.302274,2149,5000,2022-12-06,Spacious family home,Smith John,LEASE,€,500K
129,167693.87,,2.0,3570,2184,1.5,NO,4,2,8,1711,500.0,1963,0,98006,47.630946,-122.264622,2259,5000,2019-11-08,Luxury villa,John Smith,nan,$,1.2M
130,139938.36,,3.5,2002,3989,two,NO,0,3,8,697,500.0,2010,1960,98006,47.575164,-122.354872,1778,5000,2011-09-22,Recently renovated,nan,Rent,USD,"750,000.50"
131,102211.65,1.0,1.0,2809,3821,1.5,nan,0,3,D,937,500.0,1943,0,98004,47.600334,-122.254757,2297,5000,2018-09-02,nan,R. Johnson,Sale,GBP,"750,000.50"
132,166137.14,,,3073,5089,2.5,NO,1,1,7,1551,0.0,1969,1960,98001,47.602464,-122.148713,1553,5000,2019-08-20,Spacious family home,R. Johnson,Lease,nan,price: 600000
133,118339.03,4.0,2.0,1406,1636,1.5,NO,1,3,D,656,500.0,1964,0,nan,47.787797,-122.117812,1610,5000,2021-12-01,Beautiful house with garden,John Smith,Rent,GBP,"1,500,000"
134,187601.95,5.0,3.5,1611,1000,3,NO,0,4,8,1915,0.0,1924,0,98003,47.739584,-122.266555,1929,5000,2020-09-19,nan,R. Johnson,rent,€,600k USD
135,123521.77,3.0,2.5,2984,4577,two,no,0,3,9,1935,0.0,1915,0,98003,47.637565,-122.482964,1626,5000,2012-06-23,Needs renovation,M. Garcia,sale,€,price: 600000
136,259102.84,3.0,3.0,3348,1970,1,NO,0,4,B,1663,0.0,2015,0,98005,47.559946,-122.112306,2283,5000,2017-03-02,Beautiful house with garden,R. Johnson,Lease,USD,"$500,000"
137,128672.28,3.0,,2450,1086,two,NO,1,3,9,939,0.0,1914,1970,98005,47.743305,-122.217655,1810,5000,2017-08-21,Spacious family home,Robert Johnson,rent,nan,"€400,000"
138,147765.46,4.0,2.0,1296,3205,2.5,NO,4,1,B,2190,1000.0,1997,2000,98002,47.547155,-122.365615,1567,5000,2010-04-18,Spacious family home,M. Garcia,LEASE,GBP,1.2M
139,207742.62,2.0,,3589,4431,2.5,NO,excellent,2,A,2518,,1980,1990,Unknown,47.563139,-122.441137,1515,5000,2012-11-08,Modern apartment downtown,J. Smith,nan,nan,nan
140,112503.62,1.0,2.0,1575,2804,1,NO,2,3,10,1573,0.0,1902,2020,98002,47.609804,-122.442633,2278,5000,2013-10-20,nan,R. Johnson,Lease,USD,price: 600000
141,174248.55,3.0,2.0,1731,2371,2.5,NO,0,2,10,1755,500.0,1966,0,98001,47.764104,-122.432902,1000,5000,2014-08-04,nan,Robert Johnson,Rent,€,"750,000.50"
142,240901.36,4.0,2.0,2273,2752,3,NO,good,1,A,1600,0.0,1936,2000,98003,47.539536,-122.481771,1595,6044,2021-08-26,nan,Robert Johnson,Sale,£,"€400,000"
143,100484.12,2.0,2.5,3243,2476,1,NO,1,3,D,1765,500.0,1980,1980,98006,47.53667,-122.139138,2561,5000,2021-06-27,Spacious family home,J. Smith,Rent,nan,"1,500,000"
144,172024.15,4.0,1.5,2683,1519,one,NO,0,3,B,1440,0.0,1954,2000,nan,47.648192,-122.283693,1862,5000,2010-09-22,nan,Smith John,sale,€,600k USD
145,175951.71,,2.5,2331,2085,1,NO,good,3,D,1482,0.0,2012,0,Unknown,47.582923,-122.220016,2286,5000,2020-06-18,nan,John Smith,nan,EUR,"€400,000"
146,205776.7,1.0,2.5,2370,3868,1,no,3,4,7,1952,0.0,2015,2020,nan,47.670618,-122.168757,2170,5000,2017-08-29,Recently renovated,Smith John,sale,€,price: 600000
147,112298.39,4.0,3.0,2034,3501,2,yes,2,4,10,2672,500.0,1937,0,98001,47.635491,-122.183384,1923,5000,2018-07-18,Luxury villa,R. Johnson,Lease,€,500K
148,109520.06,3.0,3.0,2446,3242,2,YES,2,3,8,799,0.0,1962,1980,98001,47.630488,-122.146958,1336,5000,2011-11-08,Modern apartment downtown,R. Johnson,Rent,nan,"£300,000"
149,190342.9,5.0,2.0,500,1812,2,NO,0,4,C,1448,1500.0,1900,0,98004,47.533592,-122.113098,1469,5000,2023-05-27,Spacious family home,M. Garcia,Sale,£,"€400,000"
150,177921.09,2.0,2.0,1762,2722,1,NO,0,4,8,909,0.0,1970,0,98002,47.542315,-122.324372,1462,5000,2019-07-19,nan,Maria Garcia,LEASE,USD,price: 600000
151,175456.75,4.0,2.0,2193,1003,one,N,2,4,C,2296,1500.0,1989,0,Unknown,47.746324,-122.119866,2192,5000,2017-05-30,Beautiful house with garden,R. Johnson,sale,EUR,800K
152,180580.96,4.0,1.5,1079,3259,1,no,0,3,9,1206,500.0,2010,0,98005,47.765765,-122.210684,2267,5000,2020-11-13,Spacious family home,R. Johnson,Sale,EUR,"1,500,000"
153,132719.42,5.0,1.0,2309,6090,1,no,1,1,8,778,0.0,2002,0,nan,47.570405,-122.471733,1648,5000,2011-08-31,Beautiful house with garden,M. Garcia,rent,GBP,800K
154,174499.32,4.0,2.0,1836,1426,1,NO,3,4,8,1819,0.0,1918,1980,98002,47.534038,-122.227287,1968,5000,2019-05-19,Beautiful house with garden,Maria Garcia,Lease,£,600k USD
155,177712.39,3.0,2.0,3404,2223,2,NO,3,3,C,2372,500.0,1951,0,98003,47.516025,-122.225313,2003,5000,2016-07-22,Spacious family home,nan,Sale,$,600k USD
156,131359.69,4.0,,3258,3514,two,NO,1,good,C,1831,500.0,2017,0,98004,47.682489,-122.137656,2031,5000,2017-10-30,Beautiful house with garden,nan,Lease,GBP,"€400,000"
157,284854.09,5.0,2.5,1627,5577,2,NO,3,5,A,1602,500.0,1929,0,98002,47.714606,-122.350827,1695,5000,2023-05-29,Luxury villa,nan,rent,GBP,nan
158,187615.49,3.0,2.0,1879,2382,2.5,YES,3,3,7,1704,0.0,2006,0,98004,47.611843,-122.266035,2655,5000,2013-03-06,Needs renovation,John Smith,Sale,GBP,"€400,000"
159,113846.8,1.0,2.5,1940,2108,1,N,2,2,D,2207,0.0,1954,0,98003,47.703903,-122.495125,2271,5000,2015-01-22,Modern apartment downtown,John Smith,nan,EUR,nan
160,198186.96,5.0,1.0,1638,1113,2,NO,0,2,C,1062,,1913,0,98003,47.713888,-122.36717,2029,5000,2021-02-09,Spacious family home,nan,Sale,USD,1.2M
161,121491.0,4.0,2.0,2156,3139,1.5,NO,0,3,D,1444,0.0,1912,0,98003,47.780603,-122.475103,1792,5000,2014-01-31,Cozy cottage,Robert Johnson,LEASE,nan,500K
162,206101.78,4.0,2.5,1393,8275,1.5,NO,0,3,7,1273,0.0,1983,0,98001,47.519462,-122.291251,1666,5000,2015-07-15,Needs renovation,John Smith,rent,€,price: 600000
163,230401.49,2.0,2.0,1095,3424,1,N,0,2,B,916,0.0,1989,0,98004,47.557688,-122.173021,2159,5000,2022-08-04,nan,J. Smith,nan,EUR,600k USD
164,127235.54,4.0,2.0,2498,2947,2,NO,0,3,8,1335,500.0,1926,0,98002,47.520558,-122.417423,1810,5000,2018-04-04,Beautiful house with garden,J. Smith,nan,€,600k USD
165,217295.37,3.0,,2503,3501,2,NO,0,2,8,2053,500.0,1988,0,98001,47.760398,-122.289024,2053,5000,2022-07-03,Beautiful house with garden,nan,Rent,€,600k USD
166,184210.48,4.0,3.5,1356,2964,2.5,Y,1,fair,9,1783,0.0,1908,2020,98002,47.737776,-122.418397,1240,5000,2017-06-30,Modern apartment downtown,Maria Garcia,Sale,$,600k USD
167,208275.72,2.0,2.5,2716,1985,1.5,NO,good,2,C,1822,0.0,1940,0,98002,47.672393,-122.451725,1788,5000,2015-08-11,Needs renovation,Smith John,LEASE,nan,"750,000.50"
168,287517.18,4.0,2.5,1494,4499,1,NO,0,good,B,1573,0.0,1947,0,98003,47.525099,-122.295601,1956,5000,2021-07-07,Needs renovation,Robert Johnson,Sale,GBP,nan
169,151203.75,,2.5,2202,3337,2,YES,2,good,C,1761,0.0,1911,0,98001,47.581994,-122.468341,2387,5000,2020-10-29,Spacious family home,Smith John,LEASE,$,nan
170,129816.75,1.0,1.5,2656,3007,1,NO,2,3,C,1099,0.0,1909,0,98004,47.589316,-122.265058,1631,5000,2012-06-12,nan,Maria Garcia,nan,GBP,"750,000.50"
171,124635.12,,2.0,1973,1830,3,no,0,4,B,1345,,1905,0,98005,47.668223,-122.487465,1405,5000,2012-12-23,Beautiful house with garden,J. Smith,sale,EUR,"750,000.50"
172,127421.65,3.0,1.0,2363,5720,2,yes,good,3,8,1596,0.0,2013,0,98005,47.577413,-122.457314,2177,5000,2023-04-14,Cozy cottage,M. Garcia,nan,€,"1,500,000"
173,159033.39,5.0,2.0,1586,4156,1,NO,1,4,D,1638,0.0,1933,0,Unknown,47.521888,-122.280001,1974,5000,2021-05-11,Recently renovated,R. Johnson,Rent,$,"£300,000"
174,180294.26,4.0,2.5,1842,2260,one,NO,0,3,8,1660,1000.0,1951,0,98003,47.719229,-122.263437,1311,5000,2016-04-28,nan,nan,Sale,£,"$500,000"
175,176841.17,3.0,1.5,1835,4919,2,NO,3,3,A,1430,0.0,1940,0,98004,47.589724,-122.488405,1331,5000,2019-11-10,Cozy cottage,Robert Johnson,rent,EUR,"750,000.50"
176,208596.07,4.0,,1402,2324,1,YES,0,3,8,1311,0.0,1982,0,Unknown,47.635712,-122.270649,1741,5000,2018-01-12,Spacious family home,Maria Garcia,Lease,EUR,1.2M
177,163390.87,5.0,3.5,1858,2016,2,NO,2,3,10,3000,0.0,1905,2020,98003,47.5383,-122.164599,1966,5000,2016-03-31,Spacious family home,Smith John,rent,£,500K
178,251716.88,3.0,3.0,761,2038,1,NO,0,3,10,1953,0.0,1901,0,98006,47.740764,-122.211074,2555,5000,2010-03-14,Spacious family home,Maria Garcia,Rent,GBP,"£300,000"
179,150332.22,3.0,2.5,1607,1229,2.5,NO,3,2,8,1706,1500.0,1914,0,98003,47.66966,-122.447526,1567,5000,2013-10-12,Modern apartment downtown,Maria Garcia,sale,€,600k USD
180,368078.22,4.0,3.5,1772,3773,2.5,no,1,3,9,1383,0.0,1916,2020,98003,47.770476,-122.26301,2215,5000,2023-10-26,Modern apartment downtown,John Smith,sale,GBP,"$500,000"
181,196359.06,4.0,1.0,1795,1193,one,NO,2,1,9,1274,0.0,1915,1990,98006,47.648641,-122.231099,1215,5696,2011-04-29,nan,nan,sale,GBP,"$500,000"
182,125850.85,4.0,3.0,1806,1612,2,NO,0,1,C,1434,500.0,1927,0,98001,47.782428,-122.485108,2144,5000,2012-10-26,Spacious family home,J. Smith,LEASE,EUR,"1,500,000"
183,118034.5,4.0,1.0,1950,1055,1.5,NO,2,2,7,1646,1500.0,1984,1960,98002,47.76756,-122.157861,2602,5000,2020-05-09,Luxury villa,Robert Johnson,rent,GBP,1.2M
184,188102.39,3.0,3.0,2383,2855,2.5,no,3,1,A,559,0.0,1971,0,98002,47.672938,-122.137493,2056,5000,2023-08-13,Recently renovated,John Smith,Lease,USD,"$500,000"
185,152201.59,4.0,2.0,2699,2765,1,NO,1,2,A,715,0.0,1909,0,98003,47.780168,-122.159819,1732,5000,2020-05-07,Needs renovation,J. Smith,nan,£,800K
186,201632.12,2.0,3.5,1480,2531,2,NO,2,5,B,1181,,1909,0,98002,47.596927,-122.170147,2493,5000,2015-01-06,Needs renovation,nan,nan,nan,price: 600000
187,187581.99,3.0,3.5,1037,1769,2,NO,1,1,B,1603,0.0,2013,0,98004,47.609693,-122.202014,2139,5000,2023-07-26,Beautiful house with garden,Maria Garcia,Lease,£,600k USD
188,159237.38,1.0,1.0,1166,1658,1,NO,4,4,C,1380,500.0,1909,0,98006,47.513643,-122.246627,2061,5000,2015-07-14,Needs renovation,J. Smith,nan,€,800K
189,126242.75,3.0,2.0,1610,3760,1.5,NO,1,2,B,2239,500.0,1972,0,98006,47.67676,-122.228549,1592,5000,2012-02-18,Cozy cottage,Smith John,LEASE,£,"$500,000"
190,103315.82,3.0,,1718,2263,3,no,3,5,A,758,500.0,1927,0,98003,47.716577,-122.177442,2145,5000,2019-07-08,Needs renovation,nan,Sale,GBP,"$500,000"
191,142350.2,3.0,2.0,1384,3491,3,nan,3,3,9,1124,0.0,1923,0,nan,47.732056,-122.235001,1726,5000,2022-12-07,Recently renovated,Robert Johnson,LEASE,GBP,"$500,000"
192,210432.38,4.0,3.5,963,1914,1,yes,1,3,A,2260,0.0,1918,0,98004,47.544945,-122.368909,2124,5000,2018-12-22,Needs renovation,nan,Lease,$,"1,500,000"
193,173551.23,3.0,2.5,1635,3263,1,NO,0,3,9,1565,500.0,1996,0,98003,47.633248,-122.349616,2019,5000,2011-02-14,Cozy cottage,nan,Lease,€,800K
194,112002.71,3.0,2.0,2145,5719,1,NO,1,3,B,1942,0.0,1967,0,Unknown,47.553059,-122.141177,2433,5000,2012-11-25,Recently renovated,John Smith,Sale,€,"750,000.50"
195,171434.11,2.0,2.0,2476,3996,3,YES,3,3,9,2525,0.0,1955,0,98006,47.698638,-122.493151,1769,5000,2016-04-28,Modern apartment downtown,Robert Johnson,rent,£,"750,000.50"
196,182698.99,3.0,1.5,1554,2425,1,nan,0,2,8,1153,0.0,1966,2020,98006,47.547384,-122.220472,1940,5000,2014-05-20,Recently renovated,Maria Garcia,rent,GBP,"750,000.50"
197,124846.81,2.0,3.0,1669,3390,2,NO,1,fair,9,1450,0.0,1941,0,98001,47.771249,-122.118089,2319,5000,2023-08-28,Modern apartment downtown,Smith John,Rent,USD,500K
198,170436.41,1.0,2.0,1258,2642,1,NO,3,3,9,1363,,1911,0,98003,47.56919,-122.217509,1905,5000,2022-06-10,Recently renovated,J. Smith,rent,$,1.2M
199,165621.88,4.0,2.5,1974,2992,2,NO,0,3,A,522,0.0,1917,1990,Unknown,47.587421,-122.102435,1991,5000,2016-02-12,Spacious family home,R. Johnson,sale,USD,800K
200,115509.6,4.0,2.0,1321,2533,1.5,NO,2,4,10,1344,,1922,0,98004,47.755272,-122.224982,1837,5000,2014-07-11,Cozy cottage,J. Smith,sale,GBP,price: 600000
201,181196.29,4.0,2.5,2458,2745,2.5,NO,0,3,8,1940,0.0,1983,2000,98005,47.63754,-122.486255,1934,5000,2013-07-21,Luxury villa,Smith John,Rent,€,"750,000.50"
202,192573.92,3.0,3.5,571,3314,1,NO,0,5,8,1770,0.0,1905,0,98004,47.507199,-122.169196,2268,5000,2010-12-18,nan,R. Johnson,Lease,€,600k USD
203,225238.56,3.0,,1712,1814,2,NO,3,3,9,1809,0.0,1952,0,Unknown,47.648376,-122.386148,2734,5000,2018-10-28,Modern apartment downtown,J. Smith,Rent,nan,800K
204,223270.79,5.0,2.0,2240,1793,1,no,0,4,C,1312,500.0,1997,0,98002,47.525363,-122.321577,1328,5000,2016-08-28,Modern apartment downtown,John Smith,Sale,USD,1.2M
205,107656.32,3.0,3.0,2147,1488,2,NO,0,2,8,1171,500.0,1941,0,98004,47.795603,-122.375163,1493,5000,2011-04-10,Needs renovation,M. Garcia,Rent,nan,"$500,000"
206,122841.78,3.0,3.0,4154,1339,3,NO,4,5,C,2134,0.0,1965,0,98001,47.676433,-122.392578,1943,5000,2016-11-18,Modern apartment downtown,J. Smith,Rent,nan,"€400,000"
207,189948.94,1.0,2.5,2279,1621,1,NO,0,4,8,1251,1500.0,1929,2000,98005,47.57696,-122.327438,2019,5000,2018-09-02,Recently renovated,Maria Garcia,LEASE,EUR,"1,500,000"
208,189877.76,3.0,,1196,3228,3,NO,excellent,2,A,1647,0.0,1908,1960,98006,47.669115,-122.348499,1912,5000,2016-01-19,Spacious family home,J. Smith,sale,GBP,"750,000.50"
209,189949.65,3.0,1.5,1923,1907,2,yes,excellent,2,9,1581,500.0,1990,0,98001,47.52306,-122.246665,1778,5000,2011-07-10,Spacious family home,Robert Johnson,Sale,€,600k USD
210,517011.01,3.0,1.0,579,3853,1,NO,0,3,B,2230,,1941,1980,98005,47.739967,-122.17474,1507,5000,2010-10-27,Needs renovation,Maria Garcia,LEASE,£,1.2M
211,193158.65,3.0,3.5,1935,3033,1.5,NO,0,fair,B,1985,1000.0,1933,0,98003,47.777598,-122.381165,1755,5000,2020-08-02,Recently renovated,J. Smith,Sale,EUR,"750,000.50"
212,228815.14,3.0,2.0,1333,1114,1,NO,2,2,8,852,,1939,0,98001,47.762333,-122.414512,2326,5000,2010-12-22,Recently renovated,J. Smith,Rent,€,600k USD
213,216685.12,4.0,3.0,2732,4136,2,N,1,3,10,906,0.0,1987,0,98003,47.602527,-122.233242,2037,5000,2011-07-18,Beautiful house with garden,nan,LEASE,£,"1,500,000"
214,197880.26,4.0,3.5,1560,4471,2.5,NO,0,1,8,1789,0.0,2012,1970,98001,47.59773,-122.231872,2270,5000,2020-12-23,nan,Maria Garcia,LEASE,€,600k USD
215,148066.86,4.0,1.0,1906,1813,1,NO,2,3,B,1467,0.0,1916,0,98003,47.510526,-122.139548,1518,5000,2023-05-21,Modern apartment downtown,John Smith,Sale,EUR,"1,500,000"
216,204370.7,4.0,3.5,1491,3677,2,YES,0,3,A,1272,0.0,1928,0,98003,47.69542,-122.493622,2577,5000,2012-10-19,Needs renovation,R. Johnson,Sale,USD,1.2M
217,129075.46,,2.0,3391,1942,2.5,NO,4,fair,10,2007,500.0,1999,2000,98006,47.660471,-122.158784,1775,5000,2013-04-05,Spacious family home,R. Johnson,rent,GBP,nan
218,151592.98,1.0,2.5,1743,3130,two,NO,0,3,10,1593,0.0,1949,0,98006,47.637804,-122.291599,2190,5000,2018-10-16,Cozy cottage,M. Garcia,nan,nan,500K
219,140700.8,2.0,2.5,3466,1584,2,no,0,5,7,1526,500.0,1975,0,98005,47.772289,-122.251479,1949,5000,2015-03-20,Luxury villa,M. Garcia,Sale,EUR,"750,000.50"
220,166801.91,1.0,3.5,2651,1216,one,NO,0,3,D,1889,0.0,1994,0,98001,47.550364,-122.463451,1783,5000,2015-07-30,Beautiful house with garden,R. Johnson,LEASE,EUR,"750,000.50"
221,325916.85,4.0,1.0,2385,2461,2,N,excellent,1,9,1312,0.0,1948,0,nan,47.5029,-122.326954,2173,5000,2012-10-23,nan,John Smith,Lease,nan,1.2M
222,92950.32,5.0,2.0,2294,2802,1.5,NO,2,3,D,2284,500.0,1972,0,98005,47.521995,-122.409079,2240,5000,2010-09-13,Recently renovated,J. Smith,Sale,€,nan
223,199961.09,2.0,2.5,2315,2443,2.5,NO,3,3,7,1105,0.0,1960,2010,98001,47.567011,-122.39831,3000,5000,2016-08-15,Modern apartment downtown,M. Garcia,sale,£,500K
224,100326.51,5.0,3.0,500,1649,1.5,NO,0,fair,D,1828,1000.0,1982,0,Unknown,47.509986,-122.298362,2255,5000,2017-01-07,Spacious family home,John Smith,rent,nan,500K
225,141268.9,1.0,2.5,1776,2440,1.5,no,0,5,D,2216,0.0,1945,0,98002,47.650853,-122.175018,2249,5000,2018-01-30,Cozy cottage,John Smith,sale,EUR,"750,000.50"
226,225637.54,5.0,1.0,2676,3410,1.5,NO,0,2,10,811,500.0,1945,0,98004,47.594227,-122.202488,2457,5000,2010-09-27,Beautiful house with garden,M. Garcia,nan,GBP,"$500,000"
227,165923.81,3.0,2.0,1960,2914,2.5,no,1,2,7,1328,0.0,1916,0,98003,47.554145,-122.2636,2212,5000,2012-07-16,Recently renovated,R. Johnson,sale,nan,"1,500,000"
228,117792.11,2.0,2.0,875,3265,2.5,Y,1,2,C,2071,0.0,1965,0,98003,47.725025,-122.284233,1984,5000,2010-03-05,Spacious family home,Maria Garcia,Lease,nan,"£300,000"
229,131322.17,3.0,3.0,1958,2132,1.5,N,2,good,C,2078,500.0,2003,2010,Unknown,47.561335,-122.329078,2130,5000,2022-06-22,Spacious family home,Smith John,rent,USD,"750,000.50"
230,199561.82,2.0,2.0,3363,5355,1.5,NO,0,5,A,1414,1000.0,1904,0,98003,47.706282,-122.110916,2341,5000,2012-11-08,Recently renovated,R. Johnson,nan,£,"$500,000"
231,130730.08,2.0,1.5,2997,1655,1.5,NO,good,4,8,1132,0.0,2002,0,98001,47.604779,-122.275923,2556,5000,2023-09-13,Recently renovated,Maria Garcia,Rent,USD,"750,000.50"
232,173674.4,3.0,,1950,3803,2,yes,0,3,B,1977,0.0,1953,0,nan,47.653548,-122.398413,1395,5000,2021-06-20,Needs renovation,R. Johnson,LEASE,USD,"$500,000"
233,164995.18,4.0,1.0,2761,5382,1,NO,excellent,3,B,2091,0.0,2011,0,nan,47.78016,-122.407964,1243,5000,2023-05-01,Spacious family home,J. Smith,LEASE,GBP,"750,000.50"
234,133856.0,3.0,,1706,3791,2.5,NO,0,3,9,917,0.0,1915,1970,98005,47.511205,-122.255459,2539,5000,2012-03-20,Recently renovated,Maria Garcia,Sale,€,1.2M
235,309645.45,3.0,2.5,636,2693,1.5,YES,1,2,9,898,1000.0,1980,1990,98003,47.650079,-122.290869,1681,5000,2015-08-04,Luxury villa,Robert Johnson,LEASE,£,"£300,000"
236,196845.75,4.0,3.0,1260,2288,1.5,NO,0,3,10,1612,500.0,2017,0,98001,47.756327,-122.496921,1336,5000,2018-06-16,nan,Smith John,Lease,£,800K
237,88650.52,4.0,2.0,3250,5004,1,NO,1,1,7,1814,0.0,1990,2010,98006,47.676392,-122.167974,1299,6735,2014-07-05,Cozy cottage,R. Johnson,LEASE,nan,800K
238,172118.13,2.0,1.0,1780,1463,1,NO,1,2,8,1350,0.0,1906,0,98001,47.583061,-122.218351,2720,5000,2023-07-07,Cozy cottage,nan,Lease,GBP,price: 600000
239,133447.59,3.0,3.0,1805,1835,two,NO,1,5,9,1839,500.0,2015,0,98001,47.619304,-122.235268,2351,5000,2011-05-03,Luxury villa,Smith John,Rent,£,"1,500,000"
240,210182.19,2.0,3.0,1760,2443,1.5,NO,1,4,7,1144,0.0,1907,0,98004,47.70408,-122.472488,1681,5000,2018-06-09,Cozy cottage,John Smith,Lease,EUR,1.2M
241,128315.04,2.0,3.0,3523,5534,1,NO,2,3,8,500,500.0,1971,0,98001,47.767244,-122.355178,1698,5000,2014-10-14,Beautiful house with garden,Robert Johnson,Rent,$,"£300,000"
242,157247.94,4.0,1.0,3300,3604,1.5,NO,2,3,C,1288,0.0,1986,2020,98001,47.51232,-122.125847,2021,5000,2012-01-19,Cozy cottage,J. Smith,Rent,nan,nan
243,189377.22,2.0,3.0,3775,1837,1.5,NO,3,3,10,1531,500.0,1995,0,98003,47.521462,-122.154964,2343,5000,2020-07-04,Modern apartment downtown,John Smith,Rent,$,"$500,000"
244,211023.88,3.0,3.0,1872,2552,1,NO,0,4,C,1362,0.0,2006,0,98001,47.597515,-122.385783,1882,5000,2011-06-12,Cozy cottage,Maria Garcia,Lease,$,"1,500,000"
245,113540.07,4.0,2.5,2236,2192,1.5,NO,2,4,B,920,1000.0,2010,1980,98001,47.569834,-122.437176,1685,5000,2013-03-13,Luxury villa,Maria Garcia,nan,USD,"£300,000"
246,147215.04,2.0,3.0,786,2090,2,NO,1,4,D,592,0.0,1981,0,98001,47.579479,-122.320365,2454,5000,2022-09-24,Needs renovation,M. Garcia,Rent,£,500K
247,141141.25,3.0,3.0,3181,4863,2,NO,0,4,A,1242,0.0,1937,1990,98002,47.566381,-122.357668,1989,5000,2022-08-16,Recently renovated,John Smith,nan,nan,"1,500,000"
248,133786.59,2.0,2.5,1065,1501,1.5,NO,1,2,10,1948,1000.0,1953,0,98006,47.558748,-122.227109,1923,5000,2019-09-12,Modern apartment downtown,Robert Johnson,Lease,GBP,1.2M
249,276408.82,,1.0,2173,6663,1.5,NO,0,3,8,2128,0.0,1975,0,Unknown,47.539187,-122.113426,2236,5000,2022-03-31,Needs renovation,John Smith,rent,£,price: 600000
250,183779.97,3.0,2.0,1122,4510,one,yes,0,3,8,2093,0.0,1914,2010,98003,47.780186,-122.354799,1145,5000,2020-03-28,Spacious family home,John Smith,Rent,GBP,1.2M
251,111494.98,4.0,1.0,1528,5143,1.5,NO,0,3,9,1092,0.0,1991,0,98004,47.543257,-122.47511,2189,5000,2011-04-29,Modern apartment downtown,John Smith,Lease,£,"$500,000"
252,214348.52,3.0,2.0,1330,2364,1,NO,0,4,D,923,0.0,2018,1990,98001,47.561321,-122.140954,2164,5000,2011-03-28,Luxury villa,Smith John,Lease,nan,800K
253,307628.1,1.0,2.0,1513,2765,1,NO,2,3,A,1748,1500.0,2001,0,98001,47.57388,-122.48482,1448,5000,2021-02-21,Needs renovation,M. Garcia,nan,nan,600k USD
254,221846.19,4.0,1.0,1568,1455,1.5,YES,2,2,8,1817,500.0,1949,1990,98002,47.779904,-122.118894,1223,5000,2022-01-15,Recently renovated,R. Johnson,Lease,USD,"€400,000"
255,103175.74,,2.0,1561,2293,2.5,NO,excellent,3,9,1700,0.0,1955,0,98004,47.726714,-122.234168,1774,5000,2018-07-31,Recently renovated,J. Smith,Sale,nan,600k USD
256,140748.48,4.0,1.0,2666,3815,1,NO,2,fair,D,500,500.0,1994,0,98006,47.73691,-122.123324,2073,5000,2014-11-09,Cozy cottage,J. Smith,nan,EUR,nan
257,238011.28,4.0,3.0,1116,5698,2,NO,0,2,10,1066,0.0,2015,2000,98005,47.531427,-122.420136,2113,5000,2012-09-25,Needs renovation,nan,nan,$,"€400,000"
258,131623.28,5.0,3.5,2176,1713,1,NO,4,4,B,1485,1500.0,1908,0,98003,47.750893,-122.48372,2681,5000,2015-08-28,Spacious family home,J. Smith,Sale,$,1.2M
259,185933.77,2.0,1.0,2974,2483,1.5,NO,4,3,B,1743,0.0,1907,1970,98001,47.622458,-122.304716,2073,5000,2011-02-02,Cozy cottage,nan,Rent,£,"£300,000"
260,205333.39,2.0,,1589,2763,2.5,N,1,1,B,1883,0.0,2009,1980,98006,47.578847,-122.319751,1440,5000,2023-12-21,Luxury villa,Smith John,LEASE,USD,"$500,000"
261,123243.93,4.0,2.5,1425,1483,1.5,NO,1,3,C,1572,0.0,1918,1960,98003,47.672725,-122.367403,1899,5000,2014-12-09,Needs renovation,M. Garcia,rent,$,"750,000.50"
262,159874.18,3.0,2.0,1815,4006,2,NO,excellent,4,7,1665,0.0,1950,2010,98006,47.746655,-122.116937,1480,5000,2015-11-22,Beautiful house with garden,Robert Johnson,LEASE,£,nan
263,61550.9,4.0,1.0,2943,2075,1,NO,1,3,7,1542,0.0,1971,0,98004,47.733596,-122.170967,1928,5000,2015-05-01,Needs renovation,M. Garcia,Rent,nan,800K
264,119692.8,5.0,2.5,2155,2703,2,NO,good,5,C,1842,0.0,1997,0,98006,47.766999,-122.235367,2563,5000,2020-03-06,Needs renovation,nan,sale,€,nan
265,150878.41,3.0,3.0,1575,2378,1,no,0,2,8,1656,500.0,1956,0,nan,47.77844,-122.434857,2183,5000,2019-05-09,Luxury villa,Smith John,sale,£,"1,500,000"
266,111934.04,2.0,3.0,2387,2008,3,YES,0,1,9,1532,0.0,1967,0,nan,47.571437,-122.206271,1711,5000,2013-10-26,Recently renovated,Robert Johnson,rent,GBP,price: 600000
267,265593.81,4.0,1.0,1118,2970,1,NO,1,good,B,1365,,1930,0,98004,47.627157,-122.209195,2236,5000,2021-04-21,Cozy cottage,John Smith,nan,$,"$500,000"
268,105974.9,2.0,1.0,2545,2676,3,no,1,3,B,1540,0.0,2001,0,98004,47.504389,-122.329973,1688,5000,2016-08-18,Spacious family home,Maria Garcia,rent,$,1.2M
269,142626.79,4.0,2.0,2326,2475,1.5,YES,3,3,10,1742,500.0,1902,0,98002,47.763796,-122.130086,1000,5000,2020-09-24,Cozy cottage,John Smith,rent,€,500K
270,169265.23,3.0,2.0,1753,2070,2,NO,excellent,4,8,1633,1500.0,1998,0,nan,47.546372,-122.433209,1506,5000,2018-06-11,Needs renovation,J. Smith,Sale,nan,500K
271,250792.7,4.0,1.5,1329,3497,1.5,nan,0,3,10,1690,500.0,1982,0,98003,47.758442,-122.393065,2183,5000,2017-08-20,Modern apartment downtown,John Smith,Sale,EUR,"$500,000"
272,105793.18,1.0,2.0,1290,6814,two,NO,0,4,C,2171,1000.0,1942,1990,98001,47.598816,-122.47471,2308,5000,2015-01-19,Recently renovated,Smith John,sale,£,"€400,000"
273,230717.46,4.0,3.0,2427,3196,1,NO,3,2,9,1632,1000.0,1928,0,98003,47.61044,-122.18182,2687,5000,2014-12-10,Recently renovated,J. Smith,rent,EUR,500K
274,163255.2,3.0,3.5,2983,4905,1,NO,2,2,B,1175,0.0,1909,0,98001,47.51174,-122.251296,2136,5000,2012-06-08,nan,Maria Garcia,Lease,£,1.2M
275,121242.43,3.0,2.0,1490,1487,1.5,YES,0,2,C,1941,500.0,1911,2000,98004,47.598064,-122.374024,2538,5000,2016-11-08,Needs renovation,Robert Johnson,LEASE,€,price: 600000
276,186956.46,2.0,3.5,2366,3225,1,NO,1,5,7,816,0.0,1945,0,98004,47.766509,-122.434475,2252,5000,2015-03-09,Luxury villa,nan,sale,EUR,nan
277,172770.24,4.0,2.0,500,1722,1,no,2,2,C,959,0.0,1929,2020,98002,47.507664,-122.483941,2374,5000,2014-07-25,Modern apartment downtown,nan,rent,USD,"750,000.50"
278,135935.38,5.0,2.0,1532,1424,two,NO,3,4,B,1667,0.0,1993,0,98001,47.621898,-122.433302,2440,5000,2021-11-23,Needs renovation,Robert Johnson,Lease,€,"1,500,000"
279,166198.91,2.0,1.5,1975,2059,one,NO,1,good,C,1758,500.0,1981,0,nan,47.50942,-122.318686,2194,5000,2018-05-24,Modern apartment downtown,nan,rent,nan,600k USD
280,144987.95,1.0,2.5,1272,5409,1.5,Y,0,3,A,877,0.0,1987,0,98006,47.611277,-122.401129,2429,5000,2023-11-24,Recently renovated,J. Smith,nan,£,"£300,000"
281,168392.9,1.0,,1250,4793,two,NO,excellent,3,9,1308,0.0,1931,1970,Unknown,47.551792,-122.396407,1720,5000,2019-12-21,Modern apartment downtown,R. Johnson,Rent,GBP,600k USD
282,198518.82,4.0,2.5,1465,3366,2,NO,2,3,D,1196,0.0,1972,0,98003,47.575666,-122.149769,1029,5000,2018-06-03,Cozy cottage,R. Johnson,Lease,nan,"€400,000"
283,261922.79,4.0,2.0,2233,1385,1,NO,1,3,A,1256,,1946,1990,98006,47.76328,-122.293945,2260,5000,2013-06-13,Needs renovation,John Smith,nan,nan,500K
284,112269.26,3.0,2.5,1850,2702,2,Y,0,3,B,1971,0.0,1987,0,98003,47.630815,-122.208299,2149,5000,2016-01-30,Beautiful house with garden,R. Johnson,LEASE,GBP,nan
285,308633.58,2.0,1.0,500,3466,2,no,2,4,B,1853,0.0,1962,0,98002,47.582139,-122.485716,1649,5000,2016-08-15,Beautiful house with garden,nan,Rent,GBP,"750,000.50"
286,90614.87,3.0,3.5,500,3254,one,NO,0,fair,8,1490,0.0,1925,0,98001,47.676802,-122.353935,1495,5000,2017-10-09,Modern apartment downtown,M. Garcia,nan,£,"1,500,000"
287,155509.87,3.0,2.5,1514,1185,1,NO,0,good,A,1227,,1902,0,98002,47.542632,-122.308332,2052,5000,2017-08-28,Luxury villa,M. Garcia,Sale,nan,price: 600000
288,194171.13,3.0,2.0,2366,1909,2,NO,1,5,10,825,,1922,0,98001,47.577817,-122.425433,2286,5000,2012-02-26,Needs renovation,Robert Johnson,sale,$,nan
289,177069.49,,2.5,500,2886,1,Y,0,5,A,2210,500.0,1974,2010,nan,47.663874,-122.451923,2207,5000,2019-03-22,Spacious family home,M. Garcia,rent,€,nan
290,135021.61,2.0,2.5,1600,3897,1,NO,2,3,B,1796,1000.0,1973,0,98001,47.571257,-122.151878,1592,5000,2023-07-07,Beautiful house with garden,J. Smith,sale,€,800K
291,152903.66,4.0,1.0,1579,1000,1,NO,0,4,8,1146,0.0,1949,0,98003,47.703738,-122.124227,1681,5000,2016-09-13,nan,M. Garcia,LEASE,EUR,"$500,000"
292,140378.79,3.0,2.5,3110,2748,one,no,2,5,9,1859,,1935,0,98003,47.647447,-122.468477,2267,5000,2018-07-27,Recently renovated,Smith John,rent,€,"£300,000"
293,136378.66,3.0,1.5,1691,3201,2.5,NO,0,3,A,1464,0.0,1912,2000,98002,47.731597,-122.360393,2029,5000,2015-03-14,Cozy cottage,Robert Johnson,Rent,nan,800K
294,210003.74,4.0,3.0,2306,4558,2.5,NO,0,fair,7,1356,0.0,1928,2020,98004,47.784473,-122.116686,2424,5000,2022-05-01,Needs renovation,Maria Garcia,Lease,€,"£300,000"
295,181154.34,4.0,3.0,2113,4215,2,NO,0,3,D,1717,0.0,1937,1970,98001,47.534741,-122.466735,1870,5000,2019-10-25,Needs renovation,M. Garcia,Lease,nan,600k USD
296,132207.39,,3.0,500,3988,1.5,NO,good,4,7,1129,0.0,2016,2020,98006,47.6004,-122.242543,2295,5000,2021-05-22,Cozy cottage,Smith John,rent,EUR,nan
297,213177.4,2.0,2.5,2614,1998,1,NO,4,4,8,1328,500.0,1976,1980,98002,47.595865,-122.111111,1984,5000,2020-10-24,Beautiful house with garden,Smith John,Rent,€,500K
298,178472.51,2.0,2.5,2172,1148,1,N,0,fair,9,1560,0.0,1989,2020,98004,47.545355,-122.108711,1710,5000,2016-10-03,Cozy cottage,J. Smith,rent,€,price: 600000
299,207701.79,4.0,1.0,2406,2449,1.5,NO,3,2,10,1250,,1983,1960,98006,47.743091,-122.311511,2371,5000,2016-01-03,Cozy cottage,Robert Johnson,rent,USD,"750,000.50"
300,196592.56,3.0,3.0,5000,4918,2.5,NO,2,4,B,1834,0.0,1904,0,Unknown,47.727964,-122.4349,1602,5000,2010-01-17,Spacious family home,J. Smith,nan,£,"£300,000"
301,126918.64,2.0,2.0,500,5983,2,NO,excellent,3,8,2434,0.0,1919,0,Unknown,47.645328,-122.419166,2029,5000,2018-04-11,nan,Maria Garcia,rent,EUR,"£300,000"
302,137577.91,1.0,2.0,3379,4252,1,NO,0,2,D,1122,0.0,1977,0,98005,47.661331,-122.144159,2070,5000,2023-09-03,Cozy cottage,Maria Garcia,Lease,USD,"1,500,000"
303,203656.1,1.0,2.0,1770,3694,1,NO,2,4,A,667,500.0,2008,0,98003,47.517863,-122.135327,1951,5000,2023-12-30,Recently renovated,nan,LEASE,$,1.2M
304,195460.01,5.0,1.0,2229,3604,1,NO,0,3,A,500,1000.0,1913,0,98004,47.666652,-122.256848,2396,5000,2013-06-20,Spacious family home,John Smith,rent,EUR,"£300,000"
305,161737.43,2.0,2.5,1963,2257,1.5,no,0,4,B,1424,0.0,1907,0,98006,47.737402,-122.193529,2229,5000,2011-04-24,Recently renovated,Maria Garcia,Lease,nan,"$500,000"
306,168585.48,3.0,1.0,1660,2793,two,NO,excellent,3,8,1168,0.0,1947,2010,Unknown,47.672148,-122.204027,2181,5238,2021-10-06,Beautiful house with garden,Robert Johnson,Sale,£,price: 600000
307,238780.37,2.0,3.0,1544,6867,2,NO,1,3,8,1603,0.0,1912,0,98001,47.579592,-122.235271,2027,5000,2020-11-21,Needs renovation,R. Johnson,Rent,€,price: 600000
308,136288.41,3.0,2.0,2263,1860,2.5,NO,0,4,8,1566,500.0,1923,1970,98003,47.700264,-122.169089,2742,5000,2019-09-15,Recently renovated,R. Johnson,Sale,nan,800K
309,191784.8,1.0,1.0,786,6683,1.5,N,0,3,A,698,,1978,1960,98006,47.608447,-122.225837,2585,5000,2021-09-14,Needs renovation,Robert Johnson,rent,€,nan
310,153175.9,3.0,2.5,2600,2537,1.5,NO,2,2,D,592,0.0,2014,2020,98003,47.663462,-122.286399,2367,5000,2022-06-15,Modern apartment downtown,nan,Lease,USD,"$500,000"
311,152465.81,1.0,1.0,1667,5783,1,yes,2,fair,9,1647,1000.0,1964,2010,98002,47.64627,-122.405217,2302,5000,2011-05-01,Modern apartment downtown,nan,Rent,USD,"750,000.50"
312,226303.67,4.0,2.0,1095,1475,3,NO,0,3,C,1567,0.0,1985,1970,98003,47.614353,-122.202445,1759,5000,2021-03-12,nan,J. Smith,sale,$,"€400,000"
313,208485.53,2.0,3.0,1639,3995,2.5,N,excellent,4,8,1287,0.0,1933,0,98005,47.715663,-122.310625,1980,5000,2022-10-18,Beautiful house with garden,Smith John,Rent,$,1.2M
314,207742.14,3.0,1.0,3005,2062,1,NO,0,3,10,671,,2013,0,nan,47.765163,-122.382083,2254,5000,2010-12-04,nan,John Smith,Rent,£,"€400,000"
315,240781.13,5.0,3.0,1571,1469,2,yes,0,3,10,1735,0.0,1950,0,98003,47.501564,-122.179221,2420,5041,2012-05-10,Beautiful house with garden,R. Johnson,rent,€,800K
316,163783.57,4.0,1.0,2286,3325,1.5,NO,good,3,7,2135,0.0,2003,1970,98002,47.780085,-122.221315,2356,5000,2015-06-27,Luxury villa,nan,nan,nan,price: 600000
317,199702.87,3.0,1.5,1415,4938,2,NO,0,3,8,1638,0.0,1902,2000,98001,47.653455,-122.125064,2232,5000,2014-01-11,Beautiful house with garden,R. Johnson,Sale,GBP,"$500,000"
318,148289.24,3.0,3.0,2606,1953,two,NO,0,3,C,1076,0.0,2018,1980,98001,47.71022,-122.433823,2800,5000,2015-08-05,Modern apartment downtown,Maria Garcia,Sale,nan,"€400,000"
319,179377.88,3.0,2.0,2548,1408,2,yes,1,3,8,1522,1000.0,1989,0,98004,47.756687,-122.240324,1945,5000,2019-05-22,Recently renovated,Smith John,sale,$,"750,000.50"
320,156522.82,4.0,1.0,3478,2847,2,NO,3,3,B,816,500.0,1977,0,98004,47.640131,-122.402304,2405,5000,2018-07-18,Cozy cottage,J. Smith,rent,€,"750,000.50"
321,167560.34,,2.0,1859,2853,1,nan,0,2,C,2028,1500.0,1957,0,98002,47.750492,-122.138567,2356,5000,2014-02-28,Cozy cottage,nan,Rent,nan,nan
322,194569.97,4.0,2.0,2534,3921,1,no,good,3,A,1540,0.0,2004,0,98005,47.553286,-122.4602,2177,5000,2011-12-03,Cozy cottage,M. Garcia,nan,nan,500K
323,127329.54,3.0,3.0,2078,4792,1,NO,3,2,10,615,0.0,1971,0,98006,47.54775,-122.237535,2192,5000,2022-01-06,Spacious family home,John Smith,LEASE,$,"£300,000"
324,304893.0,4.0,2.0,3036,2893,1,no,0,2,D,1349,0.0,2012,0,98002,47.697241,-122.183566,2184,5000,2021-01-18,Cozy cottage,Robert Johnson,Sale,nan,"£300,000"
325,120354.25,3.0,3.0,1424,7538,2,NO,2,good,B,1731,0.0,1954,1990,98002,47.761043,-122.358033,1716,5000,2020-04-02,Beautiful house with garden,Smith John,Sale,nan,"750,000.50"
326,113067.86,1.0,3.5,2596,3334,2,NO,0,4,B,1333,,2018,0,nan,47.767728,-122.118345,2160,5000,2013-03-19,Cozy cottage,J. Smith,Lease,EUR,"$500,000"
327,230367.99,3.0,2.0,1844,2506,1,NO,1,4,9,1362,500.0,2019,0,98003,47.693122,-122.159708,2299,5000,2014-05-25,Spacious family home,J. Smith,Rent,USD,800K
328,206385.04,,3.5,1948,1331,2.5,NO,3,3,7,887,0.0,1979,2020,98006,47.657647,-122.382153,2128,5000,2015-02-23,Spacious family home,John Smith,rent,€,500K
329,196267.92,2.0,2.0,2073,2614,1,NO,excellent,good,8,1783,1000.0,1941,0,98003,47.599418,-122.496984,1263,5000,2019-04-17,Modern apartment downtown,John Smith,Sale,nan,"1,500,000"
330,196516.89,4.0,,2201,2519,1.5,NO,0,4,8,1175,500.0,1920,0,98006,47.794,-122.381337,1365,5000,2015-10-26,Luxury villa,nan,nan,$,"750,000.50"
331,162157.92,2.0,1.0,1907,4818,1,NO,1,4,D,500,0.0,1909,0,98006,47.595909,-122.387476,1672,5000,2023-09-01,Recently renovated,Maria Garcia,rent,USD,"$500,000"
332,124346.05,3.0,2.5,2171,3756,1.5,NO,1,3,C,1314,1000.0,1956,0,98005,47.723256,-122.144014,1955,5000,2022-09-17,Modern apartment downtown,Maria Garcia,Rent,nan,600k USD
333,166498.46,1.0,2.0,3262,1652,1,NO,0,fair,9,1990,0.0,1924,0,Unknown,47.659595,-122.113152,1694,5000,2013-12-17,Beautiful house with garden,Robert Johnson,Rent,nan,price: 600000
334,132833.47,3.0,2.0,2788,3249,1.5,NO,0,5,B,1306,0.0,1955,0,nan,47.682554,-122.471824,2258,5000,2019-01-20,Modern apartment downtown,Robert Johnson,Sale,GBP,"€400,000"
335,218062.26,4.0,2.5,2695,4170,1.5,no,0,5,D,2368,0.0,1937,0,98004,47.618044,-122.311482,2476,5000,2019-04-25,Modern apartment downtown,nan,sale,$,"$500,000"
336,155730.59,3.0,3.0,1635,6399,one,NO,2,2,C,1714,0.0,1985,0,98002,47.789447,-122.280667,2533,5000,2020-05-11,Modern apartment downtown,John Smith,rent,€,600k USD
337,127051.89,4.0,1.0,1288,4645,1,NO,1,2,D,1669,0.0,2012,0,98003,47.671505,-122.462835,2134,5000,2016-06-30,Beautiful house with garden,John Smith,rent,EUR,nan
338,147795.41,4.0,1.5,2764,4360,1,NO,0,2,D,1435,0.0,1960,1990,98006,47.781336,-122.349001,2433,5000,2010-05-31,Beautiful house with garden,Smith John,Lease,USD,"£300,000"
339,184218.8,5.0,3.0,2700,3071,1,NO,3,2,7,1465,0.0,2011,0,98005,47.502277,-122.373167,1774,5000,2014-07-18,nan,Maria Garcia,nan,USD,600k USD
340,137431.74,2.0,2.5,3178,3619,2,no,3,5,B,1368,500.0,1946,2010,98001,47.671801,-122.285577,1939,5000,2012-05-28,Modern apartment downtown,J. Smith,Rent,EUR,"750,000.50"
341,127176.85,3.0,,1516,5567,1,NO,1,1,7,1348,,1953,0,98001,47.715156,-122.235524,1533,5000,2016-05-08,Modern apartment downtown,R. Johnson,Rent,€,nan
342,175098.89,2.0,3.0,1816,1530,2.5,NO,0,1,B,1765,500.0,1945,0,98005,47.723524,-122.218606,2482,5000,2017-11-23,Spacious family home,R. Johnson,Sale,£,1.2M
343,175166.1,,,688,2503,2,NO,2,2,B,1032,0.0,1967,1970,98002,47.771493,-122.445298,2786,5000,2020-12-09,nan,R. Johnson,Sale,GBP,"1,500,000"
344,139792.86,5.0,3.0,1686,2025,2,NO,0,2,A,962,0.0,1903,0,98003,47.50132,-122.174821,1860,5000,2016-08-12,Recently renovated,nan,Sale,£,"€400,000"
345,141306.77,3.0,2.0,2797,3603,2,nan,0,2,10,938,0.0,1993,0,98006,47.500099,-122.228583,1131,5000,2014-02-24,Spacious family home,Maria Garcia,Lease,nan,"£300,000"
346,174488.65,4.0,1.0,1626,5514,1,yes,2,4,D,2522,0.0,1965,0,98004,47.641679,-122.14437,1617,5000,2019-04-11,Luxury villa,Maria Garcia,nan,EUR,600k USD
347,105405.99,3.0,3.0,2512,2211,1,NO,0,3,8,1765,0.0,1992,0,98001,47.508788,-122.320266,1739,5000,2011-08-13,Recently renovated,John Smith,sale,GBP,1.2M
348,106698.34,4.0,2.5,1847,1000,1.5,NO,0,1,9,1652,500.0,1942,1980,98001,47.79236,-122.142444,1469,5000,2011-08-11,nan,R. Johnson,Sale,€,"£300,000"
349,131198.5,1.0,1.0,2259,2425,2,NO,0,3,9,971,500.0,1961,2010,98002,47.56662,-122.15369,1587,5000,2017-03-04,Luxury villa,John Smith,Sale,$,"750,000.50"
350,152659.6,4.0,2.0,1081,4706,1,NO,0,3,D,1811,500.0,1999,0,98002,47.641799,-122.324636,2081,5000,2013-04-10,Recently renovated,Maria Garcia,LEASE,$,600k USD
351,178665.79,2.0,,2068,3900,1,yes,0,2,C,1441,0.0,1984,0,98004,47.518341,-122.347543,2263,5000,2021-12-02,Modern apartment downtown,M. Garcia,nan,£,"$500,000"
352,253370.18,4.0,2.5,500,3692,one,yes,excellent,4,C,1607,0.0,1984,0,98004,47.656615,-122.126875,1174,5000,2016-05-15,nan,M. Garcia,Sale,€,"£300,000"
353,210511.99,4.0,2.0,1850,2591,1,NO,0,4,8,1011,500.0,2011,2020,98002,47.613987,-122.213934,1787,5000,2017-02-18,nan,Robert Johnson,Lease,GBP,"$500,000"
354,155129.95,4.0,2.0,695,1572,2.5,N,0,4,D,1580,0.0,1984,1990,98001,47.513398,-122.128702,2015,5000,2016-12-13,Spacious family home,Maria Garcia,rent,£,600k USD
355,161828.94,1.0,1.5,2964,3857,2.5,NO,0,4,7,1288,0.0,1903,2000,98001,47.600537,-122.18121,1573,5000,2011-07-20,Recently renovated,R. Johnson,sale,EUR,"750,000.50"
356,120480.26,3.0,2.0,2621,1964,1,NO,good,1,8,1117,0.0,1964,0,nan,47.617431,-122.256281,2094,5000,2014-10-23,Luxury villa,nan,rent,£,"1,500,000"
357,161853.37,2.0,2.0,2373,8884,1,NO,1,fair,B,1867,0.0,1961,1970,98003,47.796976,-122.453659,1952,6902,2021-02-27,Recently renovated,M. Garcia,LEASE,€,800K
358,149253.64,3.0,1.0,3216,3964,1,NO,0,5,B,731,0.0,1989,0,Unknown,47.562366,-122.383408,1820,5000,2013-09-22,Beautiful house with garden,nan,Rent,nan,"1,500,000"
359,179299.98,1.0,3.0,1240,2229,2,NO,4,good,8,1782,1000.0,2019,0,Unknown,47.663434,-122.112463,1654,5000,2017-01-12,Recently renovated,nan,Rent,€,600k USD
360,126985.82,5.0,2.0,3397,2195,2,NO,0,1,C,1842,1000.0,2014,2010,98004,47.796195,-122.372231,2109,5000,2016-07-01,Cozy cottage,Robert Johnson,Sale,$,600k USD
361,190194.77,3.0,3.0,2745,2845,2.5,NO,0,good,A,1060,0.0,1901,0,98006,47.737606,-122.462698,1694,5000,2013-04-10,Modern apartment downtown,Robert Johnson,LEASE,EUR,500K
362,257769.66,3.0,3.5,1810,2644,two,NO,0,5,8,1089,0.0,1908,2020,98001,47.79801,-122.216979,1306,5000,2015-11-02,Needs renovation,Maria Garcia,rent,$,600k USD
363,157530.12,3.0,1.5,2908,5210,2,no,0,5,B,1388,500.0,2018,0,98005,47.790489,-122.206398,2008,5000,2017-11-28,Beautiful house with garden,Robert Johnson,Lease,GBP,800K
364,183599.77,3.0,2.5,1114,3272,1,NO,0,1,9,1641,0.0,1956,1980,98002,47.646862,-122.385817,1504,5000,2014-04-17,Needs renovation,John Smith,sale,GBP,1.2M
365,200194.2,4.0,2.0,1340,2067,1,NO,2,4,9,1423,0.0,1944,0,Unknown,47.708913,-122.380931,1341,5000,2019-05-04,nan,John Smith,nan,USD,"$500,000"
366,144297.71,3.0,3.5,1513,7671,2.5,yes,0,fair,10,1716,0.0,1917,0,98001,47.533133,-122.312443,2051,5000,2016-06-25,Modern apartment downtown,John Smith,rent,€,nan
367,174072.6,5.0,1.5,1576,3055,1,N,1,4,B,2381,0.0,2011,0,98006,47.632345,-122.491284,1934,5000,2019-02-26,Cozy cottage,J. Smith,LEASE,EUR,"750,000.50"
368,163370.8,3.0,2.5,1154,4378,1,N,0,3,B,1246,500.0,1947,0,98001,47.742706,-122.184271,1653,5000,2018-06-25,nan,nan,LEASE,EUR,"€400,000"
369,167594.53,,2.5,2978,2199,2,NO,0,good,7,642,1000.0,1941,0,Unknown,47.651601,-122.373164,2091,5000,2013-06-14,Needs renovation,John Smith,nan,$,600k USD
370,129068.31,5.0,2.0,1792,3574,1.5,NO,1,3,B,1912,0.0,1940,0,98002,47.71081,-122.158495,2169,5000,2013-08-26,nan,R. Johnson,rent,£,"1,500,000"
371,163955.95,2.0,1.0,2282,3482,two,NO,good,3,C,2341,0.0,1974,0,98005,47.723725,-122.178948,2095,5000,2021-11-07,Recently renovated,John Smith,sale,£,500K
372,188980.57,5.0,2.5,1543,1158,2,NO,0,3,C,1696,0.0,1988,0,98003,47.576041,-122.235439,2081,5000,2022-09-19,Needs renovation,Maria Garcia,rent,$,500K
373,251536.42,2.0,3.0,543,8165,1,N,2,good,B,956,0.0,1989,0,98003,47.76271,-122.37005,1357,5000,2019-02-19,Spacious family home,M. Garcia,rent,nan,"1,500,000"
374,217027.91,4.0,2.0,2216,5683,two,NO,0,1,B,1438,,1957,0,98005,47.637947,-122.293473,2517,5000,2018-06-12,Modern apartment downtown,R. Johnson,sale,£,price: 600000
375,310504.83,3.0,2.5,500,2444,1,NO,0,3,10,940,500.0,1999,1980,nan,47.563056,-122.322068,2222,5000,2019-04-11,Spacious family home,M. Garcia,Lease,EUR,600k USD
376,129287.74,5.0,2.0,1945,1717,1.5,NO,0,4,B,1821,0.0,1941,2000,98001,47.759625,-122.364447,1619,5000,2022-11-27,Needs renovation,John Smith,nan,$,"$500,000"
377,211439.92,5.0,3.0,905,3546,1.5,NO,0,4,A,824,500.0,1934,0,nan,47.625346,-122.160745,1995,5000,2023-12-20,nan,nan,LEASE,£,500K
378,171957.49,4.0,1.5,3589,3113,1,yes,0,3,8,1349,1000.0,1937,0,98005,47.725094,-122.306597,2071,5000,2016-08-28,Cozy cottage,John Smith,sale,USD,1.2M
379,313934.89,4.0,3.5,2729,3561,1.5,NO,0,good,10,997,1000.0,1966,1970,Unknown,47.66441,-122.166911,1984,5000,2012-10-13,nan,John Smith,Sale,€,"750,000.50"
380,127709.13,3.0,2.0,2084,3280,1,NO,3,good,C,1563,0.0,1940,0,98003,47.614562,-122.457913,2717,5000,2011-10-04,nan,Robert Johnson,Sale,USD,"$500,000"
381,126510.86,1.0,2.0,3010,3839,1.5,NO,0,1,B,1316,0.0,1998,0,98003,47.742963,-122.44359,1221,5000,2021-02-14,Spacious family home,Maria Garcia,Sale,£,1.2M
382,135969.0,3.0,1.0,1322,6146,1.5,NO,1,3,8,1588,500.0,1949,0,Unknown,47.675341,-122.109072,1409,5000,2010-11-12,Beautiful house with garden,Maria Garcia,Sale,GBP,nan
383,86062.69,2.0,1.0,2434,3960,2.5,NO,0,1,9,1511,0.0,2003,0,98003,47.617169,-122.264893,1080,5000,2016-04-22,Needs renovation,nan,nan,EUR,nan
384,139006.16,4.0,2.5,2159,1763,2.5,NO,1,3,10,1006,,1985,0,98004,47.532879,-122.296092,2031,5000,2011-03-17,Luxury villa,Maria Garcia,Rent,USD,500K
385,129606.76,3.0,2.0,2211,5891,1,NO,1,3,8,1813,500.0,1971,0,98001,47.768634,-122.290738,2217,5000,2013-02-12,Spacious family home,M. Garcia,Lease,USD,600k USD
386,170266.16,,3.0,3017,6770,1.5,NO,0,good,C,1475,,1978,0,98001,47.510641,-122.413892,2144,5000,2012-07-03,Recently renovated,R. Johnson,Rent,$,"€400,000"
387,180326.94,4.0,1.0,2585,14415,1.5,N,0,5,7,1005,0.0,1944,0,98005,47.758956,-122.212518,1884,5000,2016-04-22,Needs renovation,R. Johnson,rent,$,"$500,000"
388,285743.91,4.0,2.0,2230,1699,1,Y,2,2,A,2620,1000.0,1970,0,98006,47.607988,-122.466088,2162,5000,2021-05-05,Cozy cottage,J. Smith,rent,$,"1,500,000"
389,216452.66,2.0,2.0,676,3365,2.5,N,4,1,9,1738,0.0,1918,0,98004,47.691802,-122.270671,1881,5000,2019-05-15,Luxury villa,M. Garcia,sale,£,600k USD
390,136889.44,5.0,1.0,1231,1052,2,NO,0,3,9,1423,,2003,0,98001,47.77666,-122.271692,2296,5000,2015-09-10,Cozy cottage,Maria Garcia,Sale,nan,500K
391,124302.77,5.0,1.0,1901,3930,1,NO,0,3,10,2207,0.0,2005,0,98003,47.545512,-122.134325,2442,5000,2021-05-13,Beautiful house with garden,nan,sale,nan,nan
392,188636.23,3.0,2.0,2074,2266,1.5,NO,4,2,C,2420,0.0,1916,2000,98003,47.670085,-122.289527,1627,5000,2016-01-10,Recently renovated,Smith John,rent,GBP,"750,000.50"
393,109527.4,4.0,2.0,1095,7798,1,no,0,5,A,1427,500.0,1964,0,98003,47.72933,-122.445175,1884,5000,2022-06-18,Needs renovation,J. Smith,Sale,USD,"750,000.50"
394,281936.64,4.0,2.0,3929,2023,2,nan,1,good,7,1673,0.0,2008,0,Unknown,47.727275,-122.270899,1949,5000,2010-02-05,Cozy cottage,John Smith,nan,€,1.2M
395,231846.79,2.0,2.5,3213,1281,1,no,0,3,9,1005,0.0,1992,0,98006,47.65769,-122.463469,2570,5000,2012-03-28,Recently renovated,Robert Johnson,LEASE,$,800K
396,141385.76,3.0,2.5,2481,2355,one,NO,0,5,10,1426,,1976,0,98001,47.687422,-122.418482,1674,5000,2015-05-01,Needs renovation,M. Garcia,Lease,GBP,price: 600000
397,97349.19,3.0,1.0,2057,1110,2.5,N,1,3,B,1400,0.0,1955,0,Unknown,47.727258,-122.487557,2439,5000,2020-10-31,Needs renovation,Robert Johnson,rent,£,"750,000.50"
398,244302.31,2.0,2.0,1830,4339,1.5,NO,1,4,C,1592,500.0,2011,0,98003,47.752308,-122.294683,1413,5000,2021-11-30,Modern apartment downtown,J. Smith,LEASE,GBP,"$500,000"
399,157257.21,3.0,,1238,1061,2,YES,0,3,7,1666,0.0,1992,1990,98006,47.728544,-122.466187,2497,5000,2016-02-04,Spacious family home,nan,sale,$,nan
400,235942.85,1.0,2.5,2061,3023,two,NO,1,2,C,1779,1000.0,1940,0,98001,47.606201,-122.312242,2340,5000,2019-02-08,Needs renovation,R. Johnson,LEASE,EUR,600k USD
401,100878.46,1.0,2.5,2206,1054,2,YES,3,good,8,1618,500.0,1941,1980,98005,47.799018,-122.126822,1937,5000,2011-05-23,Beautiful house with garden,nan,sale,USD,"$500,000"
402,135969.72,2.0,2.0,1006,2539,1,NO,1,3,D,894,0.0,1905,0,98002,47.630351,-122.212095,2366,5000,2020-04-03,Luxury villa,Smith John,rent,$,nan
403,163011.02,,3.0,2267,6779,1.5,NO,0,4,10,1030,0.0,1968,2020,98003,47.507339,-122.469035,1799,5000,2021-04-09,Spacious family home,J. Smith,Rent,€,"£300,000"
404,165064.93,3.0,3.0,1875,3570,2.5,NO,1,3,8,1226,0.0,1997,1970,98001,47.608785,-122.410316,1630,5506,2020-08-13,Modern apartment downtown,M. Garcia,nan,USD,"€400,000"
405,142198.66,,2.5,500,1935,2,NO,2,1,10,1358,0.0,1974,2020,98001,47.538335,-122.230535,2682,5000,2023-03-08,Spacious family home,Maria Garcia,nan,GBP,600k USD
406,196193.16,3.0,,1311,2934,2,no,3,2,C,2025,0.0,1972,0,98001,47.536433,-122.142119,1783,5000,2011-04-05,Spacious family home,John Smith,Lease,nan,800K
407,118150.42,3.0,1.0,1669,3007,3,NO,2,3,7,918,500.0,2001,0,98002,47.584461,-122.486833,2270,5000,2013-11-06,Needs renovation,Maria Garcia,nan,€,800K
408,155949.29,3.0,1.0,3510,3775,3,NO,0,4,C,1321,0.0,1939,1970,98001,47.516013,-122.17502,2443,5000,2021-03-19,Beautiful house with garden,Maria Garcia,LEASE,USD,"750,000.50"
409,168735.67,3.0,3.0,2445,1505,two,no,2,3,7,1976,0.0,1940,2000,98005,47.706554,-122.275274,2322,5000,2015-07-30,Needs renovation,nan,nan,€,800K
410,189914.96,2.0,3.0,931,4008,1,Y,2,4,B,1350,500.0,1908,2020,98001,47.522197,-122.281563,2239,5000,2017-05-01,Cozy cottage,M. Garcia,LEASE,GBP,price: 600000
411,201487.87,4.0,1.0,2388,1000,2,NO,0,4,D,1730,0.0,1907,0,98005,47.560987,-122.116875,2272,5000,2014-10-11,Beautiful house with garden,Maria Garcia,rent,$,"1,500,000"
412,116146.47,2.0,2.0,762,2175,2,NO,1,4,C,1430,0.0,1943,1980,98001,47.52787,-122.200942,2422,5000,2018-03-03,Cozy cottage,nan,nan,nan,"750,000.50"
413,102720.37,4.0,1.0,2866,2335,2.5,NO,0,3,C,1628,0.0,1957,0,nan,47.51895,-122.159952,2127,5000,2016-06-16,Beautiful house with garden,Maria Garcia,rent,€,600k USD
414,238781.23,4.0,2.0,1623,4091,2,YES,2,good,10,1385,0.0,2003,0,nan,47.580325,-122.358402,1984,5000,2013-05-16,Recently renovated,M. Garcia,nan,$,"€400,000"
415,179816.87,2.0,3.0,1925,3014,1,NO,0,3,B,1833,500.0,1966,0,98002,47.67157,-122.278254,1452,5000,2013-03-23,Needs renovation,nan,sale,nan,"1,500,000"
416,130021.36,1.0,2.5,3060,1476,2.5,no,1,3,10,727,500.0,1912,0,98005,47.789406,-122.253838,2127,5000,2012-02-01,nan,M. Garcia,Sale,GBP,500K
417,259197.5,4.0,2.0,970,1821,2,NO,good,2,10,1318,0.0,1918,2010,98001,47.762667,-122.371366,2411,5000,2023-01-31,nan,Smith John,Sale,nan,800K
418,168501.91,3.0,2.0,882,3292,1,no,3,3,A,1648,0.0,1997,0,nan,47.76278,-122.271901,1559,5000,2016-06-12,Cozy cottage,Maria Garcia,Sale,GBP,nan
419,231836.85,1.0,1.0,1533,2865,1.5,no,good,1,9,1766,0.0,1995,0,98004,47.55282,-122.405338,1908,5000,2022-11-28,Modern apartment downtown,J. Smith,sale,€,600k USD
420,166085.09,,2.0,2830,2231,1,Y,excellent,4,C,2246,0.0,1948,0,98001,47.579472,-122.44265,2170,5000,2020-03-15,Luxury villa,R. Johnson,Sale,€,600k USD
421,302012.71,1.0,2.5,784,2343,1.5,NO,0,2,A,1304,1500.0,1979,0,98002,47.522918,-122.350412,2604,5000,2014-03-24,nan,John Smith,rent,GBP,800K
422,275571.46,4.0,,500,4222,1,Y,2,3,D,2239,0.0,1999,0,98001,47.733541,-122.204284,1536,5000,2020-01-26,nan,Robert Johnson,Rent,€,nan
423,151041.63,,3.0,1639,2301,1.5,NO,1,4,9,1170,0.0,1981,0,98003,47.520945,-122.133525,2317,5000,2015-04-18,Spacious family home,John Smith,Rent,€,"1,500,000"
424,217830.23,2.0,1.0,2441,2852,2,NO,4,3,A,2164,0.0,1977,0,98005,47.667009,-122.316914,1856,5000,2018-09-04,Recently renovated,M. Garcia,nan,€,"$500,000"
425,197523.49,2.0,3.5,2960,8821,2,NO,0,2,8,1908,500.0,1929,1980,98003,47.574363,-122.242871,1730,5000,2019-10-02,Cozy cottage,nan,Rent,£,"1,500,000"
426,245386.42,2.0,3.0,1629,1462,2,YES,excellent,2,7,1043,500.0,1965,2020,98003,47.573034,-122.458785,1632,5000,2021-03-26,Modern apartment downtown,Robert Johnson,Sale,€,"$500,000"
427,121847.19,3.0,3.0,1670,1180,2.5,NO,2,4,8,1653,500.0,1976,0,98001,47.797218,-122.138214,1737,5000,2020-07-24,Luxury villa,M. Garcia,Rent,USD,"750,000.50"
428,199948.57,2.0,2.0,2923,4410,1,NO,3,2,A,1474,1000.0,1990,0,98002,47.727034,-122.272558,2199,5000,2020-12-31,Luxury villa,R. Johnson,LEASE,GBP,price: 600000
429,223580.62,4.0,2.0,504,2123,1,NO,0,3,9,1812,0.0,1958,0,98001,47.751082,-122.187865,1908,5000,2022-03-03,Needs renovation,nan,Sale,GBP,1.2M
430,96026.37,1.0,2.0,1689,2542,3,NO,0,3,9,1388,0.0,1952,1970,Unknown,47.671595,-122.182224,2285,5000,2018-02-12,Beautiful house with garden,R. Johnson,LEASE,EUR,600k USD
431,114121.9,3.0,1.0,2152,2017,1,NO,3,4,9,1346,0.0,1951,0,98001,47.761304,-122.397408,1551,5000,2012-10-27,Cozy cottage,Smith John,rent,$,price: 600000
432,88276.6,,1.5,2359,2617,one,YES,0,4,9,2184,500.0,1980,0,98004,47.693647,-122.28833,2278,5000,2016-12-22,Needs renovation,Maria Garcia,LEASE,EUR,"$500,000"
433,150118.15,4.0,1.5,1592,6629,2.5,no,3,5,7,1450,500.0,1930,0,98002,47.783852,-122.115808,2173,5000,2016-11-27,Luxury villa,M. Garcia,rent,€,"1,500,000"
434,201846.48,4.0,2.0,2027,4451,2,NO,0,1,A,1913,0.0,1914,2010,98002,47.584402,-122.464146,1396,5000,2022-08-25,Needs renovation,R. Johnson,sale,€,"750,000.50"
435,255430.88,3.0,3.0,500,4587,one,NO,2,2,D,1387,500.0,1919,0,98005,47.678596,-122.22678,2602,5000,2015-02-19,Recently renovated,M. Garcia,sale,nan,nan
436,166413.08,4.0,2.0,1473,1468,1,NO,0,2,C,2333,500.0,1904,0,98003,47.707039,-122.115094,2135,5000,2011-08-13,Cozy cottage,John Smith,nan,USD,800K
437,265291.54,3.0,1.0,2362,1676,1.5,NO,2,2,C,1160,1000.0,1906,2020,98003,47.617881,-122.379769,2306,5407,2016-03-30,Modern apartment downtown,Maria Garcia,LEASE,USD,500K
438,107577.8,3.0,,1214,1000,2,NO,2,2,D,1192,0.0,1917,0,98004,47.763912,-122.155421,2462,5000,2018-06-29,Luxury villa,Smith John,Lease,USD,800K
439,97634.41,2.0,3.5,2047,1988,1.5,NO,0,3,C,2262,500.0,1955,1960,98003,47.793941,-122.126537,2387,5000,2016-08-11,Cozy cottage,R. Johnson,rent,USD,800K
440,160065.07,5.0,3.0,2357,4809,two,nan,0,3,D,1277,0.0,1974,0,98002,47.648131,-122.201166,1949,5000,2020-09-02,nan,nan,Sale,USD,price: 600000
441,182630.38,3.0,,1725,3860,1,NO,0,4,10,2300,500.0,1995,2020,98004,47.617192,-122.407469,2290,5000,2020-01-27,Recently renovated,M. Garcia,Lease,USD,500K
442,161166.23,2.0,2.5,2136,2668,2,YES,1,3,A,1945,1500.0,2013,0,98005,47.641581,-122.3664,1275,5033,2015-01-18,Modern apartment downtown,M. Garcia,rent,USD,"1,500,000"
443,87532.67,3.0,,1229,2947,2,NO,1,4,9,1422,0.0,1990,2000,98001,47.755821,-122.485676,2157,5000,2021-05-14,nan,nan,Sale,USD,"€400,000"
444,158461.03,3.0,1.0,1834,2112,2,no,2,3,D,593,500.0,1989,0,98003,47.693641,-122.167419,2692,5000,2015-04-23,Recently renovated,M. Garcia,rent,nan,600k USD
445,110046.6,4.0,2.0,2488,3302,1,NO,1,2,8,1490,500.0,2000,1960,98001,47.513432,-122.160156,1721,5000,2016-01-04,Spacious family home,John Smith,rent,£,price: 600000
446,198968.49,4.0,1.5,2125,4371,1.5,NO,1,3,7,1550,0.0,1944,0,98001,47.662651,-122.246916,2366,5000,2022-03-18,Beautiful house with garden,R. Johnson,Sale,USD,"1,500,000"
447,181675.88,4.0,1.5,1530,1328,2.5,yes,0,1,C,2083,0.0,1927,0,98004,47.50519,-122.358989,2709,5000,2010-09-10,nan,M. Garcia,rent,GBP,"750,000.50"
448,122766.08,1.0,1.0,2179,3462,1,NO,0,1,D,2294,0.0,1949,1970,Unknown,47.733561,-122.469276,2275,5000,2014-01-06,nan,M. Garcia,rent,USD,"750,000.50"
449,139502.8,3.0,2.5,2571,4751,2.5,NO,0,3,D,1157,,1901,0,Unknown,47.598494,-122.198777,2410,5000,2012-01-06,Beautiful house with garden,John Smith,rent,$,nan
450,118448.78,3.0,3.0,500,2422,2,NO,excellent,good,C,1900,1000.0,1983,0,98001,47.641602,-122.20939,1372,5000,2010-12-06,Beautiful house with garden,M. Garcia,nan,USD,600k USD
451,159722.99,1.0,2.5,2927,4231,2.5,NO,4,4,9,1882,0.0,1967,0,98003,47.739603,-122.134959,1626,5000,2019-10-28,Spacious family home,nan,sale,£,"1,500,000"
452,216759.28,2.0,1.0,1730,12177,2,NO,0,1,7,2036,0.0,1976,1980,98004,47.513935,-122.207787,2571,5000,2013-10-08,Luxury villa,Maria Garcia,Rent,nan,price: 600000
453,121089.13,4.0,3.0,2340,2829,1,NO,1,5,B,1749,0.0,1923,0,98001,47.547562,-122.168522,2384,5000,2022-12-03,Luxury villa,Maria Garcia,rent,€,500K
454,189323.78,2.0,2.5,2957,3628,2,NO,3,4,B,528,0.0,2011,1990,98006,47.619388,-122.201618,2198,5000,2011-12-06,Spacious family home,John Smith,nan,£,"750,000.50"
455,138818.52,3.0,2.0,902,2061,3,NO,1,4,D,1422,0.0,2001,0,98006,47.568978,-122.247725,1894,5000,2020-03-13,Beautiful house with garden,Maria Garcia,Sale,£,"1,500,000"
456,128301.49,2.0,2.5,1432,3263,1.5,NO,0,5,A,922,0.0,2003,0,nan,47.60137,-122.329213,2113,5000,2022-02-05,Beautiful house with garden,Robert Johnson,LEASE,€,500K
457,157611.89,1.0,2.0,1769,3752,one,N,0,3,8,1398,0.0,1947,0,98001,47.799452,-122.139153,2695,5000,2017-12-18,Modern apartment downtown,Robert Johnson,rent,USD,"1,500,000"
458,119303.66,2.0,2.0,1372,3285,1.5,no,1,2,B,1990,0.0,1944,0,98002,47.747624,-122.239613,1959,5000,2015-05-29,Modern apartment downtown,Robert Johnson,nan,nan,"€400,000"
459,137847.77,,3.5,3387,1790,1,NO,excellent,3,7,1652,1000.0,2018,0,Unknown,47.765171,-122.340658,2279,5000,2014-01-08,nan,Smith John,sale,nan,"£300,000"
460,113622.48,4.0,2.0,1314,3304,1.5,NO,2,3,A,2074,1500.0,1992,0,98005,47.781116,-122.466612,2269,5000,2015-11-13,Needs renovation,M. Garcia,nan,USD,600k USD
461,293436.79,,2.0,1555,6192,one,NO,0,3,C,1670,500.0,1957,0,Unknown,47.602281,-122.383718,1733,5000,2011-07-07,nan,Smith John,sale,€,1.2M
462,164485.72,3.0,3.5,2163,3730,1.5,NO,0,3,9,850,1000.0,1935,2020,98001,47.589123,-122.282509,1764,5388,2019-07-24,Cozy cottage,Maria Garcia,LEASE,$,"750,000.50"
463,131937.33,2.0,3.0,1038,4822,3,NO,3,good,D,500,0.0,1901,0,98004,47.570219,-122.389746,2610,5000,2012-02-29,Cozy cottage,John Smith,rent,EUR,"1,500,000"
464,173545.31,3.0,1.0,1683,2647,3,nan,3,good,10,1574,0.0,2004,0,98004,47.749035,-122.411506,2228,5000,2013-03-19,Cozy cottage,Robert Johnson,Lease,GBP,price: 600000
465,157361.59,3.0,1.0,2253,4337,1.5,NO,2,5,8,1393,0.0,1917,0,98001,47.703866,-122.289043,1727,5000,2011-07-07,Recently renovated,John Smith,LEASE,€,"1,500,000"
466,152315.47,4.0,1.0,1733,3427,1,NO,2,5,C,1011,500.0,1948,0,98004,47.570852,-122.432072,1875,5000,2019-05-16,Modern apartment downtown,Smith John,Rent,USD,price: 600000
467,195682.75,1.0,2.5,1925,1852,2,NO,0,good,A,649,1500.0,1907,0,98005,47.613098,-122.179836,1605,5000,2021-07-13,Modern apartment downtown,nan,Sale,GBP,"$500,000"
468,204281.11,3.0,2.0,1576,3495,1.5,NO,3,1,7,1132,500.0,1957,0,98001,47.652014,-122.306253,2426,5000,2011-09-24,Modern apartment downtown,Maria Garcia,nan,USD,"€400,000"
469,138808.37,2.0,1.0,788,1815,2.5,NO,3,2,9,1402,1000.0,1914,1960,98002,47.658442,-122.270455,1899,5000,2010-09-27,Modern apartment downtown,R. Johnson,Sale,EUR,800K
470,136934.03,3.0,,2257,2172,1.5,NO,0,3,7,1832,500.0,2004,0,98005,47.766618,-122.441047,1904,5000,2012-05-10,nan,M. Garcia,Sale,EUR,"1,500,000"
471,149864.15,4.0,2.5,3403,3276,1.5,NO,2,5,B,1594,0.0,1916,0,98003,47.61417,-122.370169,2336,5000,2010-10-18,Spacious family home,R. Johnson,Sale,€,nan
472,81586.87,3.0,1.5,2014,3458,2.5,no,0,3,10,2304,0.0,1922,0,Unknown,47.772557,-122.335964,1328,5000,2013-12-28,Needs renovation,Maria Garcia,sale,GBP,500K
473,103305.17,3.0,2.5,2180,1644,1.5,YES,0,4,C,982,0.0,1965,0,98002,47.63241,-122.176715,1985,5000,2011-09-22,Modern apartment downtown,Robert Johnson,nan,£,nan
474,245257.09,3.0,2.5,2554,5049,1.5,Y,0,2,9,1940,0.0,1969,0,98002,47.723912,-122.191936,1995,5000,2011-04-20,Luxury villa,nan,Rent,nan,1.2M
475,266596.17,3.0,1.0,984,3967,1.5,no,0,2,9,1523,500.0,1992,0,nan,47.779076,-122.410809,1885,5341,2022-09-07,Recently renovated,Maria Garcia,rent,nan,800K
476,151038.37,4.0,2.0,3362,2095,1.5,NO,0,4,B,1847,0.0,1926,0,nan,47.772273,-122.253528,1780,5000,2021-03-04,Cozy cottage,John Smith,rent,GBP,"€400,000"
477,193487.29,5.0,3.0,2161,1381,2,yes,1,2,9,1281,0.0,1936,0,98001,47.517086,-122.402617,1715,5000,2023-02-02,Modern apartment downtown,J. Smith,Lease,£,"$500,000"
478,178684.16,,2.0,3305,2772,2.5,YES,1,3,C,2035,0.0,1948,1960,98006,47.561711,-122.104701,2112,5000,2014-10-27,Spacious family home,nan,rent,EUR,500K
479,409898.25,4.0,2.5,1413,2385,1.5,nan,1,2,10,1647,0.0,1963,0,98001,47.643072,-122.11915,1595,5000,2018-06-10,Luxury villa,Robert Johnson,Rent,USD,"€400,000"
480,227720.09,3.0,2.0,3454,3154,2,NO,0,3,C,1160,0.0,1933,0,98001,47.629466,-122.274694,2064,5000,2022-11-22,Cozy cottage,R. Johnson,rent,nan,"£300,000"
481,156627.35,4.0,1.0,2620,2486,2,NO,0,4,10,1493,0.0,1917,0,98002,47.692267,-122.220439,1778,5000,2020-11-18,Beautiful house with garden,M. Garcia,sale,£,"$500,000"
482,122190.66,3.0,1.5,2442,1092,1,NO,2,3,A,1380,0.0,1963,0,98002,47.783413,-122.179428,1805,5000,2019-04-22,nan,Robert Johnson,LEASE,£,"750,000.50"
483,100515.39,2.0,2.0,2187,2454,1,NO,0,3,9,1744,1000.0,2005,0,Unknown,47.533721,-122.211601,2078,5000,2016-05-12,Beautiful house with garden,Robert Johnson,rent,€,"£300,000"
484,172998.65,4.0,1.5,1801,2558,two,nan,0,1,7,910,0.0,1973,0,98006,47.635558,-122.220069,1800,5000,2019-10-02,Cozy cottage,M. Garcia,Sale,$,"£300,000"
485,129714.97,1.0,1.0,2960,4092,2,YES,4,5,D,1485,500.0,2001,1960,nan,47.557723,-122.116578,2506,5000,2016-07-20,Needs renovation,R. Johnson,Sale,EUR,800K
486,106225.97,5.0,3.0,2112,2102,2,NO,2,3,B,1697,1000.0,1943,0,98006,47.768232,-122.261418,1943,5000,2020-07-11,Beautiful house with garden,Robert Johnson,LEASE,£,600k USD
487,134058.04,3.0,,500,6900,2,NO,4,4,9,1516,1000.0,1916,0,98003,47.789374,-122.245479,2418,5000,2016-08-12,Modern apartment downtown,John Smith,Sale,EUR,"750,000.50"
488,117657.79,4.0,3.0,1106,1146,1,N,1,4,B,2173,1000.0,1958,0,98005,47.643611,-122.160292,1695,6396,2020-06-01,Cozy cottage,Maria Garcia,Sale,€,"$500,000"
489,269990.62,4.0,3.5,1851,5742,2,NO,0,2,8,1887,0.0,1912,0,nan,47.531203,-122.232044,1686,5000,2023-03-20,Spacious family home,John Smith,sale,USD,800K
490,212031.88,5.0,1.5,2247,2664,2,NO,2,5,C,1496,0.0,1951,0,98006,47.735588,-122.206827,1334,5000,2014-06-13,Needs renovation,Maria Garcia,sale,GBP,nan
491,162365.98,4.0,,1954,4581,2,NO,0,4,10,1608,0.0,1959,0,98006,47.709142,-122.406333,1803,5000,2014-02-17,Luxury villa,J. Smith,sale,EUR,"750,000.50"
492,253719.15,4.0,1.5,2975,3102,1.5,NO,1,3,A,1647,0.0,2011,0,nan,47.606401,-122.351493,1906,5000,2021-04-03,Modern apartment downtown,Robert Johnson,rent,€,"€400,000"
493,166576.59,1.0,,500,5269,1,NO,0,2,B,1701,1500.0,1941,0,98001,47.766222,-122.441079,2030,5000,2023-04-16,Beautiful house with garden,J. Smith,LEASE,€,1.2M
494,125695.14,3.0,,2114,2456,1,NO,3,good,B,587,500.0,1990,0,98006,47.79275,-122.297694,2278,5000,2010-01-04,Recently renovated,Smith John,Sale,€,"$500,000"
495,257027.21,2.0,3.0,545,1721,one,NO,0,4,D,1349,0.0,1963,2000,Unknown,47.667356,-122.317709,2249,5000,2019-06-10,nan,R. Johnson,Lease,nan,800K
496,191314.32,4.0,,2607,6064,1.5,NO,good,2,B,757,0.0,2016,0,nan,47.669718,-122.101135,2454,5000,2017-01-24,Modern apartment downtown,Maria Garcia,LEASE,nan,1.2M
497,119231.96,3.0,2.5,1924,2816,1.5,NO,4,3,D,2139,0.0,1965,0,98002,47.589254,-122.255517,1645,5000,2020-05-19,Recently renovated,John Smith,Lease,nan,"$500,000"
498,153721.59,4.0,2.0,2335,3330,1,NO,1,5,8,1469,500.0,1933,1970,98004,47.675352,-122.185422,2012,5000,2023-11-30,Luxury villa,nan,Sale,GBP,nan
499,125155.79,1.0,2.0,1308,5526,1,NO,2,4,9,1403,500.0,1994,1990,98005,47.631893,-122.366394,1599,5000,2013-03-06,Recently renovated,John Smith,Rent,nan,"£300,000"
500,107490.75,1.0,2.5,3023,1779,2,no,2,4,8,1948,1000.0,1986,2000,98002,47.590657,-122.167382,2165,5000,2012-04-13,Luxury villa,Robert Johnson,LEASE,EUR,1.2M
501,214883.92,4.0,1.0,2833,4014,2,N,3,3,A,1711,1500.0,1970,0,98005,47.520156,-122.253966,2721,5000,2015-06-22,Needs renovation,John Smith,rent,£,1.2M
502,288608.1,1.0,2.5,2466,2219,2,NO,1,4,9,935,0.0,2001,1990,98002,47.575812,-122.221203,1521,5000,2013-04-17,Spacious family home,Smith John,Lease,€,500K
503,106983.48,1.0,,1896,2790,1,NO,3,3,B,1464,0.0,1963,0,98002,47.559356,-122.382228,2275,5000,2015-12-16,Beautiful house with garden,M. Garcia,LEASE,GBP,"$500,000"
504,192700.18,1.0,1.5,2463,3090,2,NO,1,2,10,1332,0.0,1932,0,98003,47.662613,-122.280545,2419,5000,2013-10-13,nan,John Smith,LEASE,nan,"750,000.50"
505,133894.47,,3.0,1434,1407,1,YES,good,4,C,627,0.0,1911,0,98004,47.680501,-122.246385,1642,5000,2021-06-05,Beautiful house with garden,Robert Johnson,sale,USD,600k USD
506,140626.45,4.0,3.5,2684,2019,1,NO,1,fair,D,1154,1500.0,2008,1960,98003,47.682572,-122.264362,2174,5000,2017-08-20,nan,J. Smith,Rent,$,"€400,000"
507,136254.78,3.0,3.5,3319,5857,1.5,NO,1,3,C,1408,0.0,1975,0,98003,47.616454,-122.133923,1856,5000,2017-09-22,Modern apartment downtown,R. Johnson,sale,EUR,price: 600000
508,125593.12,2.0,,2856,4642,1,NO,3,3,8,1442,500.0,1918,0,98002,47.626369,-122.140691,1951,5000,2021-06-09,Cozy cottage,John Smith,Rent,GBP,800K
509,165141.26,3.0,2.5,1416,2889,1,N,3,4,B,758,0.0,1908,0,98001,47.750272,-122.111606,1842,5000,2010-12-08,Beautiful house with garden,John Smith,Rent,$,1.2M
510,126844.22,4.0,,2289,3366,2,NO,1,3,8,2075,0.0,1973,0,98001,47.64287,-122.233029,1910,5000,2013-09-23,Needs renovation,John Smith,rent,$,"1,500,000"
511,176510.75,4.0,3.0,965,2573,2,NO,0,5,B,1448,0.0,1916,1990,98001,47.796332,-122.111234,2462,5000,2021-06-23,Beautiful house with garden,Robert Johnson,LEASE,nan,1.2M
512,160320.24,2.0,1.5,2457,5874,2.5,NO,1,4,9,1518,0.0,1949,0,98004,47.631885,-122.167009,1968,5000,2022-08-22,Modern apartment downtown,R. Johnson,sale,GBP,"£300,000"
513,151496.16,2.0,2.0,2360,2696,1.5,NO,excellent,1,9,1700,500.0,2003,0,98006,47.694874,-122.391667,1759,5000,2012-09-22,Beautiful house with garden,M. Garcia,sale,£,"$500,000"
514,123962.07,1.0,3.0,504,3347,1,NO,3,fair,D,1105,0.0,1938,1970,98001,47.515109,-122.329026,2027,5000,2010-12-23,Spacious family home,John Smith,Lease,£,"£300,000"
515,136894.88,4.0,1.5,1070,5287,1,NO,3,4,D,1728,500.0,1940,0,98001,47.696002,-122.404643,1151,5000,2010-07-05,Luxury villa,M. Garcia,LEASE,GBP,600k USD
516,204151.44,4.0,2.5,1773,2020,one,NO,0,5,9,1316,1000.0,1909,0,98006,47.755428,-122.498321,1673,5000,2014-08-21,Recently renovated,M. Garcia,Sale,GBP,"€400,000"
517,189146.13,2.0,2.5,1759,6498,2,NO,1,4,7,1051,0.0,1911,1980,98002,47.782737,-122.42478,2499,5000,2017-02-03,Recently renovated,R. Johnson,Sale,€,500K
518,121386.32,1.0,1.5,1032,1386,2,N,2,5,D,1786,500.0,1978,2010,nan,47.799196,-122.498376,1941,5000,2013-09-04,Luxury villa,R. Johnson,Lease,USD,"$500,000"
519,167677.82,1.0,2.5,2311,6733,1,NO,3,2,8,2245,0.0,1994,2000,98006,47.584654,-122.212065,1808,5000,2014-08-19,Recently renovated,Smith John,Rent,£,"£300,000"
520,203906.36,,3.0,2201,2474,2,YES,0,3,9,1862,500.0,1914,0,98002,47.672611,-122.329786,2069,5000,2012-12-18,Spacious family home,J. Smith,Lease,€,nan
521,98634.7,2.0,2.0,1844,2640,1,NO,4,5,B,1961,500.0,1927,0,98002,47.635215,-122.37497,2294,5000,2015-08-20,Needs renovation,John Smith,Lease,$,500K
522,191569.9,4.0,1.0,1395,1158,2,NO,1,2,7,1239,,1903,0,98004,47.669145,-122.195312,2531,5000,2017-12-14,Modern apartment downtown,John Smith,sale,$,price: 600000
523,133414.07,4.0,1.0,2838,2374,two,NO,0,1,D,701,0.0,1935,0,98001,47.547236,-122.167005,1819,5000,2018-10-01,Spacious family home,John Smith,Lease,$,price: 600000
524,193141.74,3.0,2.0,3324,1772,one,yes,0,4,A,2245,0.0,2018,0,98001,47.756845,-122.10988,1828,5000,2022-03-10,Modern apartment downtown,M. Garcia,nan,GBP,"$500,000"
525,129446.41,2.0,3.5,1613,2199,2,nan,0,5,10,2527,0.0,1964,0,98001,47.772871,-122.243195,1910,5000,2019-05-11,Needs renovation,nan,Rent,EUR,"€400,000"
526,94706.26,2.0,1.5,1510,2783,1.5,N,1,2,C,2271,0.0,2007,2000,98006,47.634898,-122.315388,2411,5000,2016-07-08,Spacious family home,R. Johnson,Sale,€,"1,500,000"
527,99881.25,4.0,2.5,2392,4812,two,NO,0,5,B,1332,500.0,1997,0,98004,47.584129,-122.377894,2022,5000,2010-01-17,Beautiful house with garden,Maria Garcia,rent,EUR,1.2M
528,165119.62,4.0,1.5,1713,3307,2,no,0,4,8,922,1500.0,1946,0,98001,47.54225,-122.411073,2866,5000,2010-11-20,Cozy cottage,nan,LEASE,nan,"750,000.50"
529,175943.25,4.0,2.0,1888,3476,1,NO,3,3,8,967,0.0,1980,0,98005,47.705129,-122.41483,1935,5000,2015-09-02,Needs renovation,J. Smith,Lease,USD,"€400,000"
530,124082.88,3.0,3.0,2591,1723,1.5,NO,0,5,8,658,0.0,1938,0,98003,47.59367,-122.336324,2705,5000,2012-07-19,Recently renovated,Robert Johnson,LEASE,USD,"€400,000"
531,197121.93,1.0,3.0,500,1919,1,NO,0,3,10,1446,0.0,1937,2020,98004,47.772862,-122.103285,1642,5000,2022-06-21,Spacious family home,John Smith,Lease,€,"1,500,000"
532,98868.3,,1.0,3054,7327,1.5,no,1,2,8,2302,0.0,1943,0,98002,47.701304,-122.499659,1444,5000,2022-09-27,Needs renovation,Maria Garcia,nan,$,"£300,000"
533,159560.12,4.0,2.0,2058,2063,1.5,NO,1,2,A,1429,0.0,1950,0,98004,47.693706,-122.421118,1959,5000,2013-12-15,Needs renovation,Maria Garcia,LEASE,nan,500K
534,113175.52,2.0,1.0,1670,6823,2,NO,3,3,C,1651,0.0,1996,0,nan,47.667821,-122.424643,2455,5000,2021-01-19,Spacious family home,R. Johnson,sale,£,nan
535,133846.54,,2.0,1928,2639,1.5,NO,1,3,7,2187,500.0,1984,0,98001,47.513733,-122.213152,1809,5000,2011-02-07,Recently renovated,Maria Garcia,sale,USD,"$500,000"
536,165085.63,4.0,2.5,1969,2984,1,NO,3,5,C,1297,0.0,1925,0,98002,47.779577,-122.359006,1753,5000,2019-04-26,Luxury villa,J. Smith,LEASE,EUR,"750,000.50"
537,125727.98,3.0,1.0,615,5090,2,NO,2,4,8,2517,0.0,2009,1980,98002,47.688381,-122.317096,2410,5000,2022-06-19,Recently renovated,Maria Garcia,Lease,EUR,500K
538,145020.93,4.0,2.0,3195,5630,2.5,Y,0,3,8,2496,500.0,1935,0,98002,47.798219,-122.44055,2282,5000,2014-02-15,Needs renovation,Robert Johnson,nan,£,1.2M
539,220111.13,4.0,2.0,2033,2820,2,NO,0,4,C,1434,0.0,1968,0,98003,47.661207,-122.338001,1683,5000,2014-03-02,Modern apartment downtown,John Smith,nan,GBP,"750,000.50"
540,136889.93,4.0,3.5,2354,2454,1.5,NO,1,2,9,1211,500.0,1996,0,Unknown,47.713033,-122.45872,1659,5000,2018-06-26,Luxury villa,Robert Johnson,Lease,$,price: 600000
541,209129.22,2.0,,2761,2898,two,NO,0,1,7,1848,500.0,1900,1970,nan,47.516863,-122.286783,2331,5000,2016-09-10,nan,John Smith,Rent,GBP,"€400,000"
542,115970.13,3.0,1.0,1183,3529,two,NO,2,5,D,1326,500.0,1952,1960,98002,47.689521,-122.460825,1347,5109,2015-12-28,Luxury villa,Smith John,Sale,€,1.2M
543,190792.41,5.0,3.0,2378,4654,1,NO,1,1,10,921,0.0,1905,0,98004,47.729395,-122.183797,2431,5000,2017-01-12,Needs renovation,M. Garcia,Sale,USD,600k USD
544,250814.92,2.0,2.0,1785,2987,1,NO,0,2,D,2140,0.0,1936,0,98005,47.733554,-122.273359,2276,5000,2017-08-25,Spacious family home,Maria Garcia,nan,£,price: 600000
545,77536.7,3.0,2.0,2677,4062,2,NO,0,4,B,2108,1000.0,1901,2000,98004,47.731033,-122.210413,1087,5000,2010-04-02,Spacious family home,Robert Johnson,rent,£,1.2M
546,128146.76,3.0,3.0,500,6762,2.5,NO,0,3,7,1577,500.0,2016,1970,98003,47.567885,-122.332593,2006,5000,2023-07-19,Spacious family home,M. Garcia,Sale,£,"£300,000"
547,193517.19,3.0,3.5,1920,3607,one,NO,1,5,7,868,0.0,1968,1980,98001,47.79262,-122.347403,1208,5000,2023-07-12,Recently renovated,M. Garcia,rent,GBP,600k USD
548,153136.72,4.0,,1517,3483,3,NO,1,2,10,885,0.0,1989,1980,98003,47.798555,-122.460716,1517,5000,2023-01-15,Beautiful house with garden,M. Garcia,sale,GBP,"$500,000"
549,181923.9,5.0,2.5,2345,1394,2,NO,1,1,10,1553,0.0,1940,0,98003,47.522679,-122.290458,1798,5000,2014-10-20,Spacious family home,M. Garcia,rent,€,500K
550,135781.8,2.0,2.0,2376,1000,2,NO,0,3,9,1250,0.0,1950,0,98006,47.780934,-122.294199,1492,5000,2023-11-03,Spacious family home,M. Garcia,rent,EUR,1.2M
551,167038.05,2.0,3.0,1433,3619,1,nan,2,3,C,1329,0.0,2016,1990,98006,47.586835,-122.312759,2887,5000,2023-12-03,Luxury villa,John Smith,Sale,EUR,price: 600000
552,155328.39,2.0,2.0,1430,2842,1,NO,4,3,8,2010,0.0,1946,2010,98001,47.706785,-122.203793,2345,5000,2023-05-25,Modern apartment downtown,J. Smith,nan,nan,"£300,000"
553,231037.34,5.0,2.5,1911,2304,1.5,NO,0,3,8,1866,0.0,1912,0,98001,47.601433,-122.166998,2546,5364,2010-03-29,Modern apartment downtown,Maria Garcia,Lease,€,"£300,000"
554,175663.63,4.0,2.0,1282,3366,2,NO,1,5,B,2189,500.0,1975,0,nan,47.790326,-122.199684,1943,5000,2014-06-30,Needs renovation,Maria Garcia,nan,£,nan
555,180102.39,2.0,2.5,2673,2892,2,NO,excellent,good,B,1004,0.0,1968,2020,98004,47.530451,-122.442454,2012,5000,2018-02-10,Needs renovation,John Smith,sale,EUR,price: 600000
556,143837.13,4.0,1.5,1704,5239,2,nan,0,2,10,1328,500.0,1965,0,Unknown,47.649324,-122.251176,2632,5000,2015-11-13,Needs renovation,Robert Johnson,Rent,€,1.2M
557,140606.17,5.0,1.5,500,3112,1,NO,1,3,8,1879,500.0,1958,2000,98001,47.628414,-122.467871,2173,5000,2011-07-05,Spacious family home,John Smith,rent,EUR,"750,000.50"
558,142947.48,4.0,3.5,1700,2051,2,NO,0,3,8,1724,0.0,1967,0,98004,47.597807,-122.222151,2244,5000,2016-09-12,Modern apartment downtown,R. Johnson,rent,nan,800K
559,183200.35,5.0,1.0,1169,4890,1,NO,2,good,8,2266,500.0,1958,0,98004,47.69366,-122.347264,1635,5348,2015-05-06,Needs renovation,nan,LEASE,€,800K
560,143444.67,2.0,2.5,694,2674,1.5,YES,0,fair,7,1710,500.0,1990,0,Unknown,47.539317,-122.447,1633,5000,2016-04-09,nan,M. Garcia,rent,EUR,price: 600000
561,177536.67,4.0,1.5,1010,3878,2.5,no,excellent,2,8,2424,0.0,2013,0,98001,47.714999,-122.15518,2104,5000,2020-07-04,Modern apartment downtown,J. Smith,nan,£,"£300,000"
562,303343.24,3.0,1.0,2087,2347,2,NO,2,4,7,1770,0.0,2016,0,98002,47.794178,-122.254397,2149,5000,2011-09-16,Spacious family home,Maria Garcia,Lease,GBP,500K
563,211364.08,4.0,1.0,3062,2154,one,NO,3,3,A,2031,0.0,1909,0,98003,47.741368,-122.35811,1601,5000,2020-04-15,Luxury villa,Robert Johnson,Rent,GBP,"£300,000"
564,147589.93,4.0,1.5,2250,3109,1,NO,2,1,9,1338,1500.0,1912,1960,Unknown,47.758005,-122.487709,2143,5250,2023-02-18,Spacious family home,Smith John,nan,nan,"1,500,000"
565,233366.2,4.0,3.5,1514,3000,1.5,NO,1,1,7,1507,500.0,2007,2020,nan,47.607891,-122.285076,1511,5000,2019-01-06,Needs renovation,John Smith,LEASE,£,"£300,000"
566,144001.27,4.0,2.0,2364,3789,1.5,no,1,3,8,1955,0.0,1901,0,nan,47.597466,-122.13071,2005,5000,2020-06-29,Spacious family home,Smith John,nan,EUR,price: 600000
567,88305.94,2.0,,1632,2606,1.5,NO,4,3,7,2306,500.0,1989,0,nan,47.655115,-122.261448,1425,5000,2017-02-24,Spacious family home,Maria Garcia,Sale,£,1.2M
568,120279.58,3.0,2.5,1444,1190,3,NO,excellent,1,D,1864,0.0,1914,0,98001,47.513718,-122.11134,2531,5000,2010-06-11,nan,John Smith,sale,€,"750,000.50"
569,92852.03,,2.0,1076,2400,2,NO,1,4,B,1458,0.0,1945,0,98001,47.783607,-122.44542,1875,5000,2015-06-16,Modern apartment downtown,Maria Garcia,Lease,GBP,nan
570,146465.61,5.0,2.5,598,4433,3,NO,good,2,C,2188,500.0,1956,0,98001,47.543136,-122.272678,1722,5898,2015-09-14,Beautiful house with garden,John Smith,Rent,USD,"€400,000"
571,163656.58,1.0,2.5,1688,2569,1,NO,1,3,B,500,0.0,1909,0,98002,47.770904,-122.18075,1541,5000,2018-04-02,nan,Robert Johnson,sale,nan,"750,000.50"
572,269124.99,2.0,3.0,2126,2635,3,NO,1,3,B,788,1000.0,1921,0,Unknown,47.525075,-122.289784,1503,5000,2010-02-06,Recently renovated,Maria Garcia,Sale,EUR,nan
573,179526.52,2.0,2.0,1922,4881,1,NO,1,2,10,1840,500.0,2003,0,Unknown,47.746787,-122.463573,2174,5000,2012-04-25,nan,R. Johnson,sale,USD,500K
574,152400.9,4.0,2.0,1667,2088,3,NO,0,3,B,1507,500.0,1988,0,98001,47.545589,-122.266846,2401,5000,2017-11-16,Needs renovation,Smith John,LEASE,USD,500K
575,208735.19,4.0,3.5,1243,1378,1.5,NO,0,2,C,1802,0.0,1978,1960,98005,47.511439,-122.255305,2361,5000,2019-03-01,Cozy cottage,J. Smith,rent,nan,1.2M
576,83839.49,2.0,3.5,2486,2750,1.5,nan,0,3,8,1532,1000.0,1976,0,nan,47.715847,-122.208516,2558,5000,2021-02-06,Beautiful house with garden,Robert Johnson,rent,$,"750,000.50"
577,174675.35,3.0,3.5,946,2340,2,NO,1,2,8,1785,1500.0,1907,2000,98003,47.58408,-122.195515,2699,5047,2021-07-02,Luxury villa,R. Johnson,Lease,USD,price: 600000
578,205101.36,4.0,2.0,2620,1838,two,NO,0,3,B,1092,0.0,1920,2010,98001,47.714349,-122.191691,2383,5000,2010-12-02,Cozy cottage,Robert Johnson,sale,USD,800K
579,104445.86,4.0,3.0,1198,2730,1,NO,1,2,10,1785,0.0,1984,2020,98003,47.666526,-122.234622,1798,5000,2018-06-25,Needs renovation,John Smith,nan,£,"£300,000"
580,229377.92,3.0,2.0,1398,3811,1.5,NO,excellent,4,10,1997,0.0,1921,2010,98003,47.532642,-122.413676,2067,5000,2016-06-01,Beautiful house with garden,Smith John,rent,$,600k USD
581,180150.69,3.0,2.0,826,2967,3,NO,0,4,B,2110,500.0,2009,0,98004,47.779639,-122.338306,1097,5000,2014-04-10,Spacious family home,Maria Garcia,Lease,$,"1,500,000"
582,143690.02,3.0,1.5,1598,3475,1.5,no,1,2,C,2506,500.0,1996,0,98003,47.635694,-122.189548,2255,5000,2023-08-22,Needs renovation,Smith John,Lease,$,price: 600000
583,196778.61,2.0,2.5,2780,7381,1,NO,0,3,9,1622,0.0,1944,0,98001,47.720334,-122.118629,2059,5000,2021-05-27,Beautiful house with garden,Robert Johnson,LEASE,nan,"750,000.50"
584,321646.33,3.0,1.5,2412,2511,1.5,NO,0,1,7,1636,1000.0,1990,1980,nan,47.650306,-122.468421,2638,5000,2021-08-17,Recently renovated,John Smith,Lease,€,600k USD
585,171881.38,4.0,2.0,2782,3426,1.5,NO,3,3,9,738,0.0,1939,2000,98004,47.681308,-122.285785,1702,5000,2011-10-24,Spacious family home,nan,Sale,$,800K
586,175337.19,5.0,3.5,2417,2310,two,NO,1,2,A,1234,500.0,2013,1990,98003,47.590832,-122.374991,2206,5000,2023-04-15,nan,Smith John,nan,£,price: 600000
587,141802.67,4.0,1.5,1117,1952,2.5,NO,3,3,D,1403,0.0,1921,0,nan,47.560108,-122.409842,1598,5000,2020-03-28,Needs renovation,R. Johnson,rent,€,"$500,000"
588,126127.26,4.0,1.0,1735,2225,2,NO,0,3,8,2025,0.0,1929,1970,98001,47.662771,-122.297676,1955,5000,2018-09-19,Luxury villa,Maria Garcia,rent,EUR,600k USD
589,208793.45,2.0,1.0,1375,2346,one,NO,1,good,B,1194,0.0,1961,0,98001,47.632066,-122.257564,1345,5000,2014-01-25,nan,M. Garcia,Rent,€,price: 600000
590,125891.39,3.0,3.5,3064,3567,1.5,NO,0,3,D,1898,0.0,1972,0,Unknown,47.617034,-122.496091,2542,5000,2016-08-06,Luxury villa,Robert Johnson,Sale,EUR,800K
591,166286.9,1.0,2.5,1042,9648,1,NO,0,3,8,1499,500.0,1944,1970,98002,47.70177,-122.187917,2421,5000,2021-10-08,Needs renovation,J. Smith,rent,$,600k USD
592,141026.45,2.0,2.0,2714,2083,1,NO,0,3,C,1411,0.0,1934,0,98006,47.707152,-122.172047,1810,5000,2016-12-09,Beautiful house with garden,J. Smith,LEASE,$,1.2M
593,187905.4,4.0,3.0,2714,2420,1.5,NO,0,good,10,1624,0.0,1981,2020,98002,47.513776,-122.113796,2104,5000,2010-01-04,nan,Robert Johnson,rent,EUR,nan
594,179889.6,,3.0,3463,2888,1,NO,0,4,7,1304,0.0,1941,0,98001,47.601623,-122.427743,2015,5000,2018-06-25,nan,nan,Rent,GBP,"£300,000"
595,222184.19,1.0,2.0,1672,3633,two,NO,0,2,C,1285,0.0,1904,1990,98004,47.623529,-122.262179,1755,5000,2017-10-19,Needs renovation,M. Garcia,sale,£,nan
596,139664.04,3.0,2.5,2569,3400,2.5,NO,excellent,5,7,647,500.0,1926,0,98001,47.529068,-122.32935,2049,5000,2023-11-21,Cozy cottage,John Smith,sale,€,nan
597,150097.07,4.0,3.0,3825,5664,1,NO,0,3,B,1376,500.0,1969,1980,98006,47.57077,-122.366069,1822,5000,2010-01-27,Spacious family home,Smith John,Sale,£,"£300,000"
598,121342.32,2.0,2.5,1505,1000,2,NO,0,5,7,1260,0.0,1961,1980,98005,47.515493,-122.273747,2392,5000,2012-08-22,Modern apartment downtown,Smith John,Lease,£,"£300,000"
599,142445.11,3.0,1.5,771,1000,2,NO,0,5,B,1242,0.0,1931,2010,nan,47.798873,-122.187047,1915,5000,2018-06-24,nan,M. Garcia,Rent,USD,500K
600,182260.11,4.0,3.5,500,2326,two,NO,1,2,A,1708,0.0,1907,0,98006,47.720967,-122.490779,2956,5000,2010-03-13,Luxury villa,R. Johnson,Rent,$,"€400,000"
601,204249.3,4.0,2.5,2570,5159,3,NO,0,4,8,1829,1500.0,2019,2010,98001,47.526235,-122.11224,1968,5000,2018-01-26,nan,M. Garcia,rent,€,800K
602,123420.24,2.0,2.0,500,1362,2,NO,4,2,D,1616,1500.0,2002,0,Unknown,47.506075,-122.176047,2045,5000,2016-05-04,nan,Maria Garcia,LEASE,£,"£300,000"
603,211267.79,3.0,2.0,1702,1000,2.5,YES,excellent,2,9,1997,500.0,1984,0,98005,47.715786,-122.199539,2211,5000,2020-09-02,Beautiful house with garden,Maria Garcia,rent,€,"750,000.50"
604,244431.74,4.0,1.0,2349,3966,2,no,0,2,C,1787,1500.0,1917,0,98005,47.631758,-122.195845,2334,5000,2022-04-18,Recently renovated,J. Smith,LEASE,£,nan
605,184246.62,3.0,1.0,2148,3367,2,NO,1,4,C,1352,1000.0,1977,1980,Unknown,47.736039,-122.344376,2031,5000,2023-08-05,nan,John Smith,Rent,$,"€400,000"
606,285797.48,1.0,3.0,2340,1728,1,NO,0,2,7,1268,1000.0,1914,0,98004,47.777043,-122.199352,2202,5000,2016-08-08,Needs renovation,nan,Lease,£,"1,500,000"
607,129038.13,4.0,1.0,2177,1821,1,NO,2,1,D,1656,0.0,2005,1990,98003,47.67979,-122.345292,2073,5000,2010-04-27,Spacious family home,John Smith,sale,EUR,nan
608,112039.14,1.0,2.0,3023,1835,2,NO,1,4,C,1786,0.0,1925,1960,98005,47.556133,-122.140517,1688,5000,2016-01-21,Needs renovation,R. Johnson,Sale,$,"€400,000"
609,95452.49,4.0,2.5,1238,3150,1,NO,0,2,9,2198,0.0,1952,0,98002,47.734658,-122.429111,1580,5000,2018-01-03,Recently renovated,M. Garcia,nan,€,600k USD
610,254947.6,2.0,1.0,1458,2179,1,NO,0,2,10,2095,0.0,1943,2010,98001,47.786744,-122.383061,2279,5000,2017-10-08,Spacious family home,J. Smith,LEASE,nan,"750,000.50"
611,198056.91,,,1381,3816,2,NO,2,2,8,1229,500.0,1931,0,98005,47.674069,-122.279465,2606,5000,2011-07-31,Recently renovated,J. Smith,sale,GBP,price: 600000
612,160063.29,3.0,1.5,2664,1000,1,NO,1,3,10,1448,0.0,2002,2000,98002,47.704599,-122.372316,1347,5000,2012-02-11,Spacious family home,Maria Garcia,Sale,£,nan
613,177015.15,3.0,2.0,2720,1942,2,NO,0,3,C,1835,0.0,1927,0,98001,47.601242,-122.330305,1426,5000,2010-07-19,Modern apartment downtown,Smith John,Lease,EUR,"750,000.50"
614,116116.97,2.0,2.0,2360,1697,2,NO,2,1,9,2033,0.0,1938,0,98001,47.614458,-122.303031,1422,5000,2014-10-22,Luxury villa,R. Johnson,Rent,$,500K
615,338989.9,3.0,1.5,2946,2622,one,NO,1,fair,C,1969,0.0,2006,0,98005,47.720396,-122.157459,2310,5000,2010-06-29,Spacious family home,John Smith,Lease,USD,"£300,000"
616,169188.09,5.0,1.0,1057,2277,1.5,NO,4,4,9,1468,0.0,1931,0,98003,47.778331,-122.290723,2343,5000,2016-08-02,Recently renovated,R. Johnson,LEASE,nan,"1,500,000"
617,168184.76,,3.0,3333,4442,1,NO,0,3,D,872,1500.0,1976,0,98006,47.688697,-122.355016,1609,5000,2019-02-06,Beautiful house with garden,J. Smith,Rent,nan,"£300,000"
618,202345.11,3.0,,3218,1176,2,NO,3,3,10,1000,500.0,1978,0,98003,47.736954,-122.400906,2882,5597,2023-01-01,nan,Maria Garcia,rent,$,"$500,000"
619,188019.84,3.0,1.5,2588,3049,2.5,NO,2,3,9,1636,500.0,1917,0,98003,47.551491,-122.33653,1846,5000,2023-01-26,Luxury villa,Maria Garcia,Sale,nan,"1,500,000"
620,174061.72,4.0,2.5,3425,3940,one,NO,0,4,10,1671,0.0,2002,0,98003,47.563588,-122.293706,2574,5000,2016-04-20,nan,Maria Garcia,rent,€,"$500,000"
621,128393.84,5.0,3.0,674,7542,1.5,NO,2,2,7,950,0.0,1969,0,98005,47.65961,-122.201554,2323,5000,2018-03-08,Cozy cottage,R. Johnson,Rent,€,price: 600000
622,187482.45,3.0,3.0,1580,2342,1.5,NO,1,2,9,1522,0.0,2018,1980,98003,47.552966,-122.45158,1616,5000,2014-05-22,Modern apartment downtown,Smith John,nan,USD,"1,500,000"
623,286246.14,3.0,2.0,1411,3505,two,no,good,5,7,1815,1000.0,1910,0,nan,47.690499,-122.411356,1832,8228,2013-01-24,Needs renovation,J. Smith,Sale,EUR,"£300,000"
624,243683.62,3.0,2.0,2577,1209,1,nan,0,2,D,924,0.0,1931,2000,nan,47.587496,-122.348138,1651,5000,2016-01-24,Modern apartment downtown,M. Garcia,Sale,€,500K
625,262486.78,4.0,2.0,1159,1000,2,NO,2,3,C,2052,0.0,2003,0,Unknown,47.73746,-122.355841,1462,5000,2023-11-09,Modern apartment downtown,M. Garcia,rent,EUR,price: 600000
626,139613.8,1.0,3.0,2605,4547,1.5,NO,0,5,C,1311,500.0,1919,0,nan,47.742433,-122.343301,1898,5000,2015-03-27,Needs renovation,Maria Garcia,Sale,EUR,"1,500,000"
627,120948.31,4.0,3.0,3096,2972,1,NO,excellent,4,A,2128,0.0,1996,0,98003,47.639136,-122.182591,1520,5000,2017-12-11,Spacious family home,Maria Garcia,Rent,$,1.2M
628,156727.5,3.0,1.5,2556,5373,1.5,NO,0,3,7,1233,0.0,1939,0,98004,47.554243,-122.370338,1930,5000,2012-12-21,nan,Smith John,nan,EUR,500K
629,165498.51,4.0,2.0,2227,1500,1,NO,excellent,4,7,986,0.0,1907,0,98006,47.694032,-122.299241,2773,5000,2010-06-23,Modern apartment downtown,Maria Garcia,LEASE,£,"£300,000"
630,225992.58,1.0,3.5,1209,3865,2,NO,good,1,7,1270,0.0,2014,0,98005,47.797836,-122.250437,2278,5000,2019-09-03,nan,Robert Johnson,LEASE,€,"$500,000"
631,97954.72,3.0,3.0,1322,7588,two,Y,0,4,10,1452,0.0,1934,1990,Unknown,47.686777,-122.407129,1777,5000,2022-12-03,Luxury villa,J. Smith,Rent,€,800K
632,257523.2,3.0,,2999,3677,1,NO,3,3,9,1305,0.0,1968,1970,98006,47.510732,-122.212522,1744,5000,2013-05-23,nan,nan,rent,GBP,"$500,000"
633,155219.83,4.0,3.0,2623,3423,2.5,NO,excellent,5,B,1391,500.0,1998,0,nan,47.505188,-122.281155,1839,5000,2019-01-24,Modern apartment downtown,nan,Lease,nan,"£300,000"
634,143191.14,1.0,2.0,1968,2993,1,NO,0,fair,C,1666,1000.0,2010,1970,98002,47.596109,-122.321288,2828,5000,2023-03-28,Beautiful house with garden,Maria Garcia,Rent,EUR,"€400,000"
635,120134.68,3.0,2.5,1665,1359,2,no,1,good,D,1414,0.0,1977,0,Unknown,47.558735,-122.176086,1564,5000,2020-06-10,Luxury villa,nan,LEASE,GBP,600k USD
636,99066.14,3.0,2.5,500,5871,1,NO,1,good,C,1466,1000.0,1920,0,98005,47.743915,-122.402602,1999,5000,2020-06-13,Beautiful house with garden,Maria Garcia,Rent,$,"750,000.50"
637,208345.11,3.0,1.0,1143,2196,two,NO,0,3,10,645,0.0,2010,0,98005,47.753442,-122.14673,2186,5000,2023-01-23,Luxury villa,J. Smith,Sale,GBP,"£300,000"
638,166374.31,4.0,2.5,3529,3836,2.5,NO,0,3,7,1695,0.0,1923,1970,98002,47.577586,-122.275581,2486,5000,2015-05-28,Recently renovated,John Smith,Sale,nan,1.2M
639,110526.63,4.0,3.0,975,1364,2,no,0,3,8,1455,0.0,1916,1970,98006,47.597693,-122.25633,1866,5000,2020-05-10,Needs renovation,Robert Johnson,Rent,EUR,"£300,000"
640,110357.06,4.0,1.5,2151,1652,2.5,YES,0,4,8,2305,500.0,1917,1980,nan,47.570874,-122.149976,1614,5000,2016-02-23,Luxury villa,Robert Johnson,rent,nan,1.2M
641,147158.36,2.0,3.0,2805,6109,2,no,1,5,7,1030,0.0,1997,0,98002,47.772515,-122.172967,2115,5715,2014-07-16,Luxury villa,nan,Lease,€,"$500,000"
642,268526.92,4.0,2.5,996,2505,one,NO,0,2,B,595,500.0,1911,0,98005,47.650795,-122.259375,2525,5000,2011-02-17,Spacious family home,M. Garcia,Sale,$,"€400,000"
643,150560.85,3.0,,2147,6164,2,NO,4,good,9,1809,500.0,1915,1960,98003,47.696841,-122.198725,1890,5000,2019-05-04,nan,Maria Garcia,LEASE,EUR,"1,500,000"
644,103679.23,1.0,1.0,2750,2866,two,NO,2,5,D,1673,0.0,1903,0,nan,47.624645,-122.326672,1664,5000,2021-03-16,Spacious family home,J. Smith,nan,$,"£300,000"
645,151187.65,1.0,2.0,2009,1186,2,NO,0,fair,C,995,500.0,1988,0,98003,47.689304,-122.281049,2044,5000,2013-10-14,nan,M. Garcia,Sale,USD,600k USD
646,149968.86,3.0,2.5,4294,4656,1,YES,2,5,A,735,1500.0,1933,0,98002,47.615757,-122.475172,1350,5000,2013-01-28,Recently renovated,R. Johnson,LEASE,EUR,price: 600000
647,72470.44,4.0,2.0,665,2219,2,no,2,2,D,2268,0.0,1991,0,98003,47.601904,-122.464057,1912,5000,2021-11-08,Spacious family home,nan,nan,USD,1.2M
648,160125.24,4.0,3.0,2846,4227,1,NO,excellent,2,C,2207,0.0,1945,0,98005,47.690344,-122.16823,2471,5000,2020-12-26,Cozy cottage,R. Johnson,Lease,GBP,600k USD
649,151860.81,4.0,3.0,1861,3018,2,NO,0,2,C,500,500.0,1974,0,98001,47.677319,-122.476131,2349,5000,2016-02-22,nan,Smith John,nan,EUR,price: 600000
650,200558.63,3.0,1.0,2617,1378,1.5,NO,0,2,9,1270,500.0,1976,0,98005,47.588058,-122.43224,1942,5000,2017-02-02,Cozy cottage,R. Johnson,Sale,USD,"1,500,000"
651,283420.47,3.0,2.5,2353,3236,2,NO,good,4,10,2332,0.0,1930,0,nan,47.544805,-122.181667,2663,5000,2014-11-14,Spacious family home,R. Johnson,nan,£,"750,000.50"
652,228198.13,2.0,2.5,1413,8938,1,NO,good,5,B,1261,0.0,1924,0,Unknown,47.610573,-122.499542,2763,5000,2013-02-03,Cozy cottage,John Smith,rent,€,"£300,000"
653,150141.49,3.0,2.0,2183,3814,1,NO,2,5,A,1254,0.0,2002,0,98001,47.624559,-122.387038,2265,5000,2011-10-07,nan,Maria Garcia,LEASE,GBP,1.2M
654,116779.43,3.0,3.5,513,2896,1.5,NO,3,4,7,1358,0.0,1973,0,nan,47.688605,-122.266385,1412,5000,2019-08-24,Beautiful house with garden,John Smith,Sale,EUR,"$500,000"
655,352218.83,1.0,3.0,2482,5103,one,NO,0,1,A,939,0.0,1923,0,98005,47.774359,-122.26182,1248,5000,2014-04-07,Cozy cottage,Maria Garcia,Sale,EUR,price: 600000
656,165672.05,2.0,2.5,2238,3312,1.5,nan,1,2,9,647,1500.0,1964,0,98001,47.510855,-122.189139,2553,5000,2022-04-29,Spacious family home,Maria Garcia,Rent,€,1.2M
657,163436.33,3.0,3.0,2510,3310,1.5,NO,0,1,8,2026,500.0,2016,0,98001,47.573098,-122.297629,2097,5000,2017-08-05,Spacious family home,Maria Garcia,rent,€,nan
658,161581.1,4.0,2.0,2846,1727,2,no,0,3,C,578,0.0,1924,1970,98001,47.558115,-122.296239,2654,5000,2017-08-17,Cozy cottage,John Smith,rent,nan,"€400,000"
659,172719.72,,3.5,2294,3350,2,NO,3,3,B,1623,500.0,1927,1960,Unknown,47.650688,-122.209876,1464,5000,2014-09-03,nan,Robert Johnson,Rent,USD,"750,000.50"
660,155856.64,5.0,2.5,2118,5002,1,NO,0,1,A,1943,1000.0,1935,0,98001,47.62891,-122.30055,1935,5000,2017-02-14,Recently renovated,Smith John,nan,USD,1.2M
661,137022.63,4.0,3.0,1295,1962,1.5,NO,1,3,B,774,0.0,1981,0,98002,47.718711,-122.256604,2411,5000,2019-12-23,Recently renovated,Robert Johnson,LEASE,USD,price: 600000
662,138128.86,3.0,3.5,1430,6076,1,NO,good,2,B,1037,0.0,1905,2000,98006,47.572725,-122.14089,1708,5000,2011-01-10,nan,J. Smith,sale,nan,800K
663,161163.4,4.0,2.0,2949,2847,one,no,0,4,8,2106,0.0,1965,0,98004,47.67835,-122.33942,2405,5000,2014-06-01,Modern apartment downtown,J. Smith,Lease,$,"1,500,000"
664,138271.24,4.0,3.0,3149,1912,1,NO,excellent,3,B,1766,500.0,1966,0,98006,47.765157,-122.34595,1950,5131,2011-03-31,Spacious family home,R. Johnson,rent,GBP,"750,000.50"
665,131419.04,2.0,1.5,1809,4908,1.5,NO,excellent,3,7,1191,0.0,2009,0,98006,47.773203,-122.49858,2011,5000,2021-10-07,Spacious family home,Robert Johnson,sale,EUR,"750,000.50"
666,168035.25,3.0,2.0,2036,2582,1,no,1,3,8,2101,,1971,0,98001,47.787635,-122.254629,1526,5000,2014-01-15,Luxury villa,Smith John,LEASE,GBP,800K
667,150769.41,4.0,2.0,1276,4357,1,NO,0,fair,C,2103,0.0,1994,0,Unknown,47.731978,-122.488091,2100,5000,2012-05-03,Spacious family home,R. Johnson,Lease,€,"1,500,000"
668,255556.27,3.0,,2938,2576,2.5,NO,0,2,A,1634,0.0,1947,2020,98002,47.771796,-122.298341,2877,9258,2011-12-25,Beautiful house with garden,Smith John,rent,£,"€400,000"
669,73475.63,3.0,3.5,2532,2893,1,NO,1,3,A,1049,0.0,1982,2000,98004,47.570359,-122.178306,2155,5000,2013-10-23,Cozy cottage,Maria Garcia,Sale,GBP,"$500,000"
670,225810.64,3.0,3.0,3552,3815,1,no,0,4,A,1293,0.0,2013,0,98005,47.559274,-122.280032,1683,5000,2016-07-15,Luxury villa,Maria Garcia,rent,GBP,"750,000.50"
671,236528.87,2.0,3.0,1297,3447,1.5,NO,0,3,9,1643,500.0,1969,0,98001,47.501946,-122.392146,2558,5000,2010-09-19,Spacious family home,J. Smith,Lease,USD,"€400,000"
672,87376.61,3.0,2.5,1697,1099,1,NO,excellent,good,C,1405,,1977,0,nan,47.712053,-122.185533,1695,5000,2011-06-27,Beautiful house with garden,Maria Garcia,nan,€,"750,000.50"
673,146853.93,3.0,3.5,2185,1701,1,NO,0,3,10,1969,0.0,1966,0,98003,47.78124,-122.392113,2688,5000,2011-07-05,Modern apartment downtown,R. Johnson,sale,GBP,"$500,000"
674,145592.62,1.0,2.0,2517,4744,2.5,N,2,3,D,735,,1947,0,98001,47.556081,-122.206787,1490,5000,2020-05-25,Luxury villa,Maria Garcia,nan,EUR,800K
675,106696.8,1.0,2.0,1827,2790,2.5,NO,0,1,D,752,1000.0,1964,0,nan,47.691083,-122.255897,2109,5000,2011-09-30,Cozy cottage,Smith John,Sale,USD,"$500,000"
676,128882.32,4.0,1.5,1301,2294,two,NO,1,4,7,1590,0.0,1943,0,98004,47.723938,-122.432001,2610,5000,2010-06-14,Cozy cottage,John Smith,Lease,nan,600k USD
677,116637.63,2.0,3.0,2705,1511,3,NO,good,2,9,1254,500.0,1993,0,98005,47.778284,-122.137946,1653,5000,2017-09-06,nan,nan,LEASE,GBP,"£300,000"
678,275317.74,3.0,3.0,2576,1737,2,N,0,2,C,1186,0.0,1962,0,98004,47.694058,-122.419743,2033,5000,2011-09-13,nan,Robert Johnson,nan,€,"£300,000"
679,215497.27,2.0,2.0,1266,1084,1,no,0,3,B,615,0.0,1945,2020,Unknown,47.791088,-122.104165,2462,5000,2013-05-08,Needs renovation,M. Garcia,Lease,£,800K
680,238343.1,5.0,1.0,3084,2833,2.5,nan,2,3,8,1509,0.0,1918,0,98001,47.603402,-122.497076,1097,5000,2019-02-25,Spacious family home,M. Garcia,rent,EUR,nan
681,202096.71,2.0,3.0,2936,2210,2.5,YES,2,1,C,1473,500.0,2017,2020,98002,47.604979,-122.394607,2370,5000,2010-02-20,Luxury villa,Maria Garcia,LEASE,£,"$500,000"
682,115992.92,3.0,1.0,2107,1838,2.5,NO,2,4,D,1826,0.0,1963,0,98003,47.662904,-122.420056,1964,5000,2011-05-04,Cozy cottage,Maria Garcia,Rent,€,nan
683,139057.66,5.0,3.0,2063,2881,2,NO,0,4,8,1534,1000.0,1982,0,98001,47.615051,-122.494403,2576,5000,2011-10-27,Recently renovated,Robert Johnson,Rent,€,"750,000.50"
684,188492.29,4.0,,2443,3575,1,no,0,2,D,1433,1000.0,1972,0,98006,47.500428,-122.207053,1669,5000,2013-05-31,Luxury villa,M. Garcia,nan,€,price: 600000
685,112798.88,2.0,2.0,1310,8489,2.5,NO,excellent,3,8,2088,0.0,1970,0,98003,47.719532,-122.22263,1445,5000,2017-06-03,Recently renovated,Smith John,Sale,£,500K
686,201571.52,4.0,1.5,2024,1399,2,NO,good,4,7,843,0.0,2009,0,98002,47.725515,-122.18306,1782,5000,2021-12-10,Spacious family home,nan,Lease,$,"€400,000"
687,151433.58,3.0,3.0,500,5322,one,yes,1,3,9,1768,0.0,2000,2010,98001,47.724092,-122.397321,1774,5000,2021-05-31,Beautiful house with garden,M. Garcia,sale,EUR,"750,000.50"
688,145445.07,3.0,3.0,2701,4849,1,NO,3,3,9,664,0.0,1949,2020,98006,47.603506,-122.322266,1917,5000,2020-10-27,Recently renovated,M. Garcia,Sale,€,"€400,000"
689,201448.29,2.0,2.5,750,2019,1,NO,1,3,7,1080,0.0,1962,0,Unknown,47.656687,-122.236355,1812,5000,2017-02-04,Luxury villa,R. Johnson,LEASE,$,800K
690,185958.53,1.0,,3202,3299,1,NO,1,4,9,893,0.0,1940,0,98003,47.607992,-122.324093,1196,5000,2012-05-30,nan,M. Garcia,nan,USD,"$500,000"
691,146050.85,4.0,1.0,1735,2371,2.5,NO,0,good,8,1890,0.0,2016,0,98004,47.504811,-122.22107,1962,5000,2011-03-11,Luxury villa,Maria Garcia,Sale,$,"750,000.50"
692,230452.25,3.0,2.5,1830,3270,1,NO,1,4,D,1467,0.0,1906,0,98002,47.668735,-122.246411,2092,5000,2015-06-08,Cozy cottage,R. Johnson,nan,USD,nan
693,117674.9,3.0,3.0,1497,6339,1,NO,1,1,D,1493,0.0,1908,0,98005,47.537128,-122.454141,1922,5000,2022-03-11,nan,Maria Garcia,rent,£,"£300,000"
694,195786.62,4.0,3.5,1769,4035,one,NO,0,3,10,946,0.0,1903,0,98001,47.524012,-122.187583,2114,5000,2023-10-11,Recently renovated,Robert Johnson,LEASE,nan,800K
695,194450.01,4.0,1.5,3134,3844,1,NO,1,5,8,1350,500.0,1988,0,98003,47.72665,-122.211729,2033,5000,2021-04-06,Modern apartment downtown,M. Garcia,sale,nan,600k USD
696,148321.29,2.0,3.0,500,2403,2.5,NO,3,1,A,1118,,1948,0,98005,47.502852,-122.237666,1447,5000,2020-08-06,Cozy cottage,nan,Lease,$,"750,000.50"
697,179483.74,4.0,2.5,3021,1419,1.5,NO,2,fair,8,1691,0.0,1975,0,nan,47.787703,-122.437963,1879,5000,2017-03-07,Modern apartment downtown,Maria Garcia,LEASE,£,1.2M
698,111822.26,2.0,2.0,2270,2685,2.5,NO,2,good,A,1004,0.0,1905,0,98003,47.654577,-122.392801,2045,5000,2014-11-28,Modern apartment downtown,Robert Johnson,Lease,€,"£300,000"
699,214745.33,4.0,1.0,1034,5449,2,NO,good,1,9,2164,0.0,1981,0,98006,47.794905,-122.342729,1905,5000,2017-08-30,Recently renovated,M. Garcia,Lease,$,"€400,000"
700,153972.51,4.0,3.5,1139,1389,two,NO,0,good,10,662,0.0,2003,2020,98004,47.517399,-122.388028,1402,5000,2023-12-10,Recently renovated,nan,Sale,$,nan
701,139132.65,,1.5,3341,1758,two,NO,1,3,10,1096,0.0,1920,0,nan,47.675059,-122.408876,2489,5000,2019-08-14,Luxury villa,Smith John,rent,€,price: 600000
702,222949.99,1.0,2.0,1243,3175,1,NO,3,5,A,2338,500.0,1914,2000,98003,47.604798,-122.177857,1611,5000,2014-02-02,Spacious family home,Maria Garcia,Sale,USD,"$500,000"
703,131754.67,1.0,2.0,1077,1821,1,no,1,3,8,1282,1500.0,1966,1990,98002,47.753045,-122.244707,1503,5000,2017-05-03,Spacious family home,nan,Rent,€,"€400,000"
704,106666.41,2.0,3.5,2909,2005,1,NO,0,3,D,842,0.0,1965,2010,Unknown,47.608367,-122.273811,2016,5000,2014-06-14,Beautiful house with garden,nan,Rent,EUR,nan
705,102028.89,2.0,2.5,2270,2411,2,yes,0,4,C,1609,500.0,1955,1980,98001,47.578146,-122.409619,1873,5000,2016-08-16,nan,nan,Lease,nan,"$500,000"
706,195204.5,2.0,3.0,1249,1505,3,NO,4,4,A,1262,0.0,2018,0,98001,47.757266,-122.132769,2240,5000,2018-04-06,Recently renovated,John Smith,rent,nan,"1,500,000"
707,110843.13,5.0,2.0,2173,1831,1.5,NO,1,1,8,1082,0.0,2004,1990,98001,47.612396,-122.423527,2349,5000,2015-01-22,Cozy cottage,nan,LEASE,$,800K
708,275526.27,2.0,2.5,1179,4237,2,NO,4,3,D,952,0.0,2003,0,Unknown,47.50505,-122.18202,2288,5000,2018-11-21,nan,Robert Johnson,Lease,EUR,"€400,000"
709,87153.06,2.0,2.5,2880,1550,1,NO,1,2,B,2884,0.0,1967,0,98001,47.617087,-122.113331,1999,5000,2014-03-19,Cozy cottage,Maria Garcia,LEASE,€,"£300,000"
710,270746.14,4.0,3.0,2849,1340,2.5,NO,2,3,8,1374,0.0,1931,2020,Unknown,47.696357,-122.209163,2221,5000,2013-08-09,nan,Smith John,Lease,nan,1.2M
711,173391.14,3.0,3.5,2425,2175,one,NO,3,3,9,537,0.0,1965,1970,98003,47.576308,-122.102856,1375,5000,2014-09-16,Spacious family home,Smith John,Sale,£,price: 600000
712,158100.48,4.0,1.0,2289,4298,1,nan,2,3,10,2246,0.0,2009,2020,98001,47.629596,-122.23958,2437,5000,2015-05-05,Spacious family home,Maria Garcia,Lease,€,"750,000.50"
713,138209.27,1.0,2.5,3408,2701,1.5,NO,0,3,9,1805,0.0,1928,1970,98003,47.517015,-122.413016,1838,5000,2010-08-12,Modern apartment downtown,nan,Lease,GBP,500K
714,183457.96,3.0,1.0,1999,2363,1,YES,1,2,D,1116,500.0,1965,2000,98001,47.676428,-122.418472,2787,5000,2015-07-20,Modern apartment downtown,J. Smith,rent,EUR,800K
715,160927.56,1.0,2.5,1054,3047,2,yes,3,2,10,1033,1500.0,1933,1960,98005,47.726888,-122.370174,2449,5000,2014-03-28,Cozy cottage,Robert Johnson,rent,nan,500K
716,226611.09,1.0,2.0,2359,1245,2,NO,0,1,8,1836,0.0,1926,1970,98005,47.623994,-122.497148,1921,5000,2020-05-06,Cozy cottage,M. Garcia,nan,GBP,"£300,000"
717,168428.78,5.0,2.0,3668,3817,1,no,0,3,C,1376,0.0,1959,0,98003,47.62607,-122.227321,2008,5000,2020-03-12,Modern apartment downtown,M. Garcia,LEASE,EUR,nan
718,170261.46,2.0,2.0,1188,3610,1.5,NO,0,fair,B,537,0.0,2017,2010,98001,47.526485,-122.392533,2473,5000,2014-03-04,Needs renovation,Smith John,rent,£,"1,500,000"
719,145934.96,3.0,2.5,1710,2429,1.5,N,good,2,D,2393,1000.0,1938,1980,98005,47.560582,-122.173927,1095,5000,2017-05-27,nan,nan,Lease,GBP,"750,000.50"
720,159997.95,3.0,2.0,2333,4929,2,NO,0,good,D,1283,0.0,1943,1990,Unknown,47.546403,-122.356331,1935,5000,2015-05-27,Spacious family home,Maria Garcia,rent,GBP,"750,000.50"
721,178499.4,3.0,3.0,1956,1696,2,NO,2,4,8,2247,0.0,2001,0,98006,47.644506,-122.308017,2680,5000,2022-05-26,Modern apartment downtown,J. Smith,rent,EUR,"750,000.50"
722,97435.85,5.0,2.0,1214,5239,1,NO,1,4,8,2139,0.0,1981,0,Unknown,47.658777,-122.113724,2337,5000,2022-08-10,Modern apartment downtown,Robert Johnson,sale,€,"$500,000"
723,108612.78,1.0,1.0,2897,3220,2.5,NO,1,4,9,999,0.0,1935,0,98002,47.784682,-122.403131,1664,5502,2022-08-09,Recently renovated,John Smith,sale,USD,price: 600000
724,203410.06,4.0,3.0,3856,2519,2,NO,2,5,7,2016,0.0,1918,2010,Unknown,47.521969,-122.211498,2125,5000,2011-09-09,Cozy cottage,M. Garcia,Rent,€,"€400,000"
725,171315.07,,2.0,2156,2951,1.5,NO,0,2,B,1174,1500.0,1990,0,98002,47.67996,-122.197953,1609,5000,2022-05-13,Luxury villa,R. Johnson,Sale,USD,price: 600000
726,154014.96,3.0,2.0,1276,2825,1,NO,1,3,8,566,1000.0,1944,0,98001,47.65795,-122.411601,1863,5000,2021-06-01,Modern apartment downtown,Robert Johnson,nan,EUR,"€400,000"
727,163657.35,5.0,2.5,760,5487,2.5,NO,3,4,C,1287,0.0,1983,0,Unknown,47.65487,-122.299601,2133,5000,2017-03-06,Recently renovated,nan,nan,$,800K
728,180642.37,1.0,2.0,2206,1740,one,no,3,3,10,1698,0.0,1920,1990,nan,47.761948,-122.359919,2203,5000,2021-08-12,Beautiful house with garden,Robert Johnson,Sale,€,"$500,000"
729,138423.36,3.0,1.0,2883,2035,1,NO,0,5,B,1268,0.0,1922,1990,98005,47.561662,-122.191238,2291,5000,2015-09-25,Modern apartment downtown,J. Smith,rent,GBP,price: 600000
730,128863.45,2.0,2.0,2380,5004,1.5,NO,4,1,10,1346,0.0,1993,1980,98002,47.512232,-122.251007,2493,5000,2014-10-31,Luxury villa,Robert Johnson,Rent,€,"$500,000"
731,172603.71,4.0,3.5,1998,2213,1,NO,2,4,A,2071,1000.0,1988,0,98002,47.701681,-122.309607,1522,5000,2018-09-12,Recently renovated,M. Garcia,Rent,EUR,1.2M
732,121356.55,,2.5,1528,4676,2,NO,4,3,B,1553,0.0,1994,0,98003,47.603547,-122.188255,2009,5000,2013-02-06,Luxury villa,Maria Garcia,LEASE,$,800K
733,183960.41,2.0,2.5,1126,6972,1,NO,1,3,A,1078,0.0,1926,0,Unknown,47.505277,-122.405938,1659,5000,2021-07-18,Modern apartment downtown,nan,nan,$,nan
734,97657.81,4.0,2.5,2667,2438,1.5,no,1,3,9,1851,0.0,1997,0,98001,47.575412,-122.198551,1840,5000,2019-10-11,Beautiful house with garden,M. Garcia,sale,€,price: 600000
735,221626.03,2.0,1.5,2731,4190,2,Y,good,4,8,1598,1000.0,1971,1990,Unknown,47.592798,-122.15385,1698,5000,2012-12-02,Modern apartment downtown,John Smith,Rent,€,"$500,000"
736,187545.97,3.0,2.0,763,1674,2,NO,4,5,D,500,500.0,1918,0,98002,47.685052,-122.148551,2199,5000,2015-11-17,Recently renovated,Maria Garcia,Lease,£,nan
737,175748.44,3.0,3.0,3271,4347,1.5,no,1,3,9,1714,0.0,1940,0,Unknown,47.551776,-122.186531,2421,5000,2011-12-07,Beautiful house with garden,Smith John,LEASE,€,"£300,000"
738,218558.13,,1.0,2459,3293,1.5,YES,0,5,8,1695,0.0,1925,0,nan,47.623916,-122.336794,2442,5000,2016-06-16,Beautiful house with garden,J. Smith,nan,EUR,nan
739,268241.33,4.0,2.0,3119,3776,2,NO,0,3,8,1510,0.0,1927,0,98003,47.644743,-122.107277,1557,5000,2019-09-05,Beautiful house with garden,nan,rent,USD,600k USD
740,220645.15,3.0,2.0,926,2158,1,NO,0,2,7,1945,,1963,2010,98003,47.637771,-122.348163,1950,5000,2020-06-09,Needs renovation,M. Garcia,Lease,£,nan
741,93689.16,2.0,2.0,907,1299,1,NO,0,1,C,1163,0.0,1967,0,Unknown,47.792182,-122.24455,1546,5000,2016-10-06,Recently renovated,Maria Garcia,Sale,USD,"€400,000"
742,110871.47,2.0,,1880,3833,3,NO,0,1,C,1668,0.0,1994,1970,98004,47.513651,-122.43557,1533,5000,2021-02-19,Needs renovation,Robert Johnson,nan,GBP,"750,000.50"
743,134935.81,2.0,1.0,2402,1062,1,YES,4,3,9,716,0.0,1979,0,98005,47.78529,-122.10782,1735,5000,2019-06-23,Luxury villa,Maria Garcia,sale,nan,600k USD
744,164033.72,2.0,2.5,3437,2543,2,NO,0,3,9,1703,500.0,1950,0,98005,47.674581,-122.218406,2137,5000,2020-04-26,Beautiful house with garden,M. Garcia,Lease,EUR,500K
745,190098.51,5.0,1.5,2564,4772,two,NO,2,4,10,2476,0.0,1973,0,98001,47.738718,-122.198649,2207,5000,2015-04-19,Needs renovation,Smith John,rent,£,"$500,000"
746,130911.51,3.0,,1805,3281,1,NO,0,4,9,1002,0.0,2001,0,Unknown,47.629118,-122.473689,2261,5000,2016-05-08,Modern apartment downtown,M. Garcia,Lease,$,500K
747,172134.26,3.0,1.0,1178,7896,1.5,Y,0,1,B,1120,0.0,1947,1980,98001,47.636151,-122.194633,2236,5000,2017-11-12,Needs renovation,Smith John,Lease,£,1.2M
748,129752.64,2.0,2.0,2984,4976,2,NO,0,2,7,1144,500.0,1909,0,nan,47.763798,-122.190111,1660,5000,2010-07-29,Spacious family home,Robert Johnson,Rent,GBP,"£300,000"
749,135475.31,5.0,3.0,1228,2149,3,NO,0,2,D,1564,500.0,2008,0,98002,47.76878,-122.231291,2473,5000,2023-03-28,Luxury villa,M. Garcia,sale,$,"€400,000"
750,106724.04,4.0,3.0,3302,3021,two,NO,3,3,10,968,1000.0,1972,0,98006,47.571607,-122.383236,2321,5000,2017-09-08,Beautiful house with garden,Maria Garcia,Sale,£,1.2M
751,123380.71,1.0,2.0,1772,2911,2,YES,4,2,D,1710,0.0,1938,0,98002,47.559773,-122.304124,1834,5000,2021-08-25,Beautiful house with garden,John Smith,rent,$,"1,500,000"
752,108498.82,4.0,2.0,3272,1351,1,NO,0,2,8,1923,0.0,1999,1980,98002,47.648871,-122.455826,1850,5000,2020-11-06,Cozy cottage,John Smith,LEASE,€,800K
753,121447.58,3.0,2.0,2543,1862,2,NO,1,good,7,1767,,2014,0,98002,47.770083,-122.311365,1736,5000,2023-03-30,nan,Robert Johnson,LEASE,$,1.2M
754,223260.06,1.0,2.0,1890,2252,1.5,NO,1,5,C,615,0.0,1999,0,98006,47.596707,-122.40247,1483,5000,2015-05-08,Luxury villa,R. Johnson,rent,£,600k USD
755,122416.0,3.0,1.5,1584,1076,1.5,NO,4,2,A,1997,500.0,1918,1980,98004,47.695604,-122.360361,2266,5000,2016-07-18,Luxury villa,R. Johnson,Sale,$,"€400,000"
756,358511.0,3.0,2.0,1727,3052,1,NO,3,3,8,1968,500.0,1963,0,Unknown,47.712446,-122.43496,2328,5000,2019-08-27,Recently renovated,Maria Garcia,rent,EUR,600k USD
757,188715.41,2.0,2.0,2342,2631,1,NO,1,3,7,1915,0.0,1918,0,98002,47.733602,-122.407978,1629,5000,2023-02-16,Modern apartment downtown,John Smith,Rent,€,"€400,000"
758,172034.59,5.0,2.0,2061,1291,2.5,NO,2,4,B,1686,0.0,1975,0,98005,47.669177,-122.469373,1507,5000,2018-10-20,Cozy cottage,Robert Johnson,LEASE,€,"750,000.50"
759,125805.54,4.0,2.5,1524,3648,1.5,NO,3,3,10,1610,500.0,1961,0,98006,47.620737,-122.132039,1625,5000,2016-09-10,Luxury villa,Smith John,nan,GBP,price: 600000
760,200805.68,4.0,,1867,4263,1.5,no,0,2,8,2016,1000.0,1912,1960,98001,47.790105,-122.287836,2044,5000,2017-01-27,Cozy cottage,Maria Garcia,LEASE,€,nan
761,136941.44,3.0,2.5,2062,3339,1.5,NO,1,4,D,2461,0.0,1924,0,98003,47.683399,-122.341303,1447,5000,2010-05-21,Luxury villa,R. Johnson,nan,USD,"€400,000"
762,168822.47,3.0,1.0,500,2535,3,no,good,3,C,1023,0.0,1999,2020,98003,47.71857,-122.285988,2451,5000,2021-11-14,Cozy cottage,nan,Lease,EUR,600k USD
763,350818.88,4.0,1.0,2366,4006,2,NO,2,2,8,2039,0.0,1988,0,98003,47.603495,-122.248683,2427,5000,2010-10-19,Recently renovated,Smith John,Rent,GBP,500K
764,158131.47,3.0,,1216,4188,1,nan,1,3,9,1456,0.0,1991,2010,98002,47.700985,-122.131248,2169,5000,2017-11-04,Luxury villa,Maria Garcia,LEASE,USD,1.2M
765,229758.03,1.0,2.0,1077,3476,1,NO,1,3,7,1435,0.0,1941,0,98005,47.577339,-122.428523,2323,5000,2021-06-09,Needs renovation,Smith John,Rent,$,1.2M
766,131800.81,3.0,1.0,650,1973,1,YES,0,3,8,731,0.0,2016,0,98002,47.573529,-122.381779,2023,5000,2017-02-20,Spacious family home,Smith John,Rent,nan,"€400,000"
767,161055.36,4.0,2.5,564,3423,two,nan,1,2,A,1357,,1938,0,98006,47.714417,-122.109684,2186,5000,2020-10-11,Spacious family home,John Smith,Sale,USD,"1,500,000"
768,276852.51,3.0,2.5,915,5419,2,NO,2,3,D,1001,500.0,1929,0,nan,47.656418,-122.351523,1479,5000,2017-12-27,Spacious family home,nan,LEASE,GBP,"€400,000"
769,134848.86,1.0,2.5,1432,2212,2,NO,1,1,B,1268,500.0,1904,1970,98004,47.704983,-122.490975,2556,5000,2016-01-28,Luxury villa,Maria Garcia,nan,€,"$500,000"
770,280333.31,4.0,2.0,3562,8509,2,NO,2,4,B,950,0.0,1980,1960,98005,47.580832,-122.440943,1805,5000,2014-12-03,Cozy cottage,M. Garcia,sale,EUR,500K
771,201254.51,2.0,1.0,1579,2292,1.5,NO,4,2,9,1275,0.0,1917,0,98001,47.679617,-122.489465,1948,5000,2012-09-03,Spacious family home,John Smith,nan,nan,"750,000.50"
772,137483.61,2.0,,2142,3029,2.5,Y,0,1,9,1296,,2006,0,Unknown,47.63318,-122.104031,2994,5000,2011-08-03,Modern apartment downtown,Smith John,Sale,GBP,"750,000.50"
773,196756.52,2.0,2.0,2320,2129,2,NO,1,4,D,1548,0.0,2010,0,98002,47.679088,-122.388452,1911,5000,2017-01-17,Needs renovation,Smith John,Sale,USD,600k USD
774,217894.51,3.0,2.5,2104,3333,1,NO,1,4,B,692,0.0,1920,2020,98005,47.587264,-122.130583,2295,5000,2017-02-02,Spacious family home,R. Johnson,Rent,nan,"£300,000"
775,196131.96,4.0,3.0,1938,1247,1,NO,2,5,8,777,0.0,1985,2000,nan,47.714635,-122.101645,2205,5000,2018-12-28,Beautiful house with garden,M. Garcia,sale,USD,price: 600000
776,101613.59,3.0,2.5,1043,2268,2,NO,0,3,8,1680,1000.0,2002,0,98004,47.741779,-122.260064,1466,5000,2014-12-05,Luxury villa,R. Johnson,Sale,GBP,600k USD
777,130856.8,2.0,2.0,3160,1726,two,NO,2,2,9,1101,1000.0,1949,1990,98006,47.577975,-122.486721,1600,5000,2014-01-01,Needs renovation,M. Garcia,sale,nan,"$500,000"
778,151107.14,5.0,2.0,3445,3189,1.5,NO,4,4,8,2037,0.0,1905,2010,98003,47.590186,-122.467363,2814,5000,2022-02-04,Modern apartment downtown,Smith John,LEASE,£,"£300,000"
779,159160.75,5.0,2.5,653,4901,3,NO,1,4,7,1612,1000.0,1949,0,98001,47.698346,-122.307364,2231,5000,2021-02-20,Spacious family home,M. Garcia,Rent,£,price: 600000
780,196065.02,5.0,3.5,1180,4117,2.5,NO,good,2,10,1803,0.0,1979,1960,98006,47.708676,-122.337531,1993,5000,2018-01-26,Modern apartment downtown,nan,Sale,GBP,1.2M
781,171666.74,2.0,3.5,1776,1000,1,Y,excellent,good,B,2205,0.0,1965,0,98001,47.71123,-122.257529,1785,5000,2011-12-15,Luxury villa,J. Smith,sale,£,600k USD
782,109032.0,3.0,1.0,1228,8275,1,NO,0,2,C,1345,1000.0,2014,0,98006,47.70481,-122.324461,2128,5000,2016-08-20,Spacious family home,R. Johnson,rent,GBP,"750,000.50"
783,182418.61,,1.5,2404,3455,1,NO,0,fair,C,1212,1000.0,1900,0,98001,47.617842,-122.126369,2166,5000,2015-03-06,Beautiful house with garden,R. Johnson,nan,€,"£300,000"
784,195472.64,4.0,3.5,1417,2021,2,NO,excellent,5,7,1935,0.0,1956,0,Unknown,47.618456,-122.286104,2090,5000,2019-10-08,Needs renovation,John Smith,Sale,nan,"£300,000"
785,192516.5,1.0,3.0,3732,3224,1,NO,excellent,4,9,1754,0.0,1929,0,98001,47.576445,-122.22251,2427,5000,2014-08-06,Cozy cottage,nan,Sale,GBP,500K
786,225085.19,1.0,3.5,2952,3255,1.5,NO,0,good,8,1406,1000.0,1957,0,98004,47.54705,-122.141406,1653,5000,2015-11-18,Beautiful house with garden,Maria Garcia,Sale,$,"€400,000"
787,209018.21,3.0,1.5,2170,2135,2,nan,0,4,B,2195,500.0,2006,1990,98004,47.707773,-122.441251,1599,5000,2012-07-06,Spacious family home,R. Johnson,sale,EUR,"$500,000"
788,186792.57,5.0,2.5,2821,3291,2,NO,0,2,B,1393,1000.0,1951,0,98003,47.527957,-122.408106,2417,5000,2016-03-16,Recently renovated,M. Garcia,Lease,EUR,price: 600000
789,159364.66,3.0,3.0,2884,2200,1,no,excellent,3,C,1516,0.0,1936,0,98002,47.781338,-122.457073,2845,5000,2016-11-29,nan,M. Garcia,LEASE,$,price: 600000
790,98884.89,3.0,2.5,1548,2435,1.5,NO,0,1,C,1510,,1947,2000,98003,47.748006,-122.444145,2337,5000,2014-12-12,Needs renovation,J. Smith,nan,USD,"750,000.50"
791,185143.31,2.0,2.0,1347,2115,1.5,NO,1,3,8,1032,,1986,0,98002,47.757252,-122.294966,2519,5000,2021-02-03,Modern apartment downtown,Maria Garcia,Sale,USD,"€400,000"
792,173218.02,4.0,1.0,2062,1456,2,NO,3,4,9,1538,0.0,1900,0,98003,47.772001,-122.371528,1970,5000,2011-07-14,Spacious family home,J. Smith,rent,USD,"750,000.50"
793,176570.17,4.0,2.5,2689,3206,2.5,NO,0,3,10,2198,1000.0,1918,2010,98003,47.622581,-122.330731,2106,5000,2011-09-21,Beautiful house with garden,Maria Garcia,rent,nan,800K
794,110965.59,3.0,2.0,2111,3994,1,NO,2,3,9,1722,0.0,1945,2000,98004,47.75401,-122.107004,2101,5000,2018-05-25,Luxury villa,R. Johnson,Rent,USD,"$500,000"
795,117675.14,4.0,2.0,738,3856,2.5,no,0,3,7,1515,0.0,1966,0,98002,47.547418,-122.437318,1977,5000,2015-03-27,Cozy cottage,R. Johnson,Lease,€,"€400,000"
796,223227.31,,,1357,4491,2,NO,4,5,7,1419,500.0,1901,0,nan,47.506493,-122.283675,2564,5000,2020-04-20,Recently renovated,John Smith,Lease,$,"£300,000"
797,160834.87,2.0,2.0,1940,3505,2,Y,0,1,B,1665,0.0,1955,2020,98004,47.735467,-122.460452,2446,5000,2019-09-22,Cozy cottage,M. Garcia,sale,EUR,nan
798,199675.78,3.0,3.0,1939,2283,2,yes,2,3,7,1874,0.0,2000,0,98001,47.522439,-122.372601,1840,5000,2014-12-14,Luxury villa,John Smith,Rent,$,800K
799,164143.37,2.0,1.5,3578,4536,1.5,NO,2,2,8,1804,1000.0,1916,0,98003,47.796557,-122.28899,1341,8553,2016-07-14,Spacious family home,Maria Garcia,nan,EUR,"750,000.50"
800,164214.18,4.0,2.5,891,1512,1,NO,0,4,9,1334,0.0,1991,0,Unknown,47.702439,-122.121347,1974,5000,2015-03-11,nan,M. Garcia,sale,USD,800K
801,215665.77,3.0,,2404,1900,2,NO,0,2,B,1662,0.0,1981,0,98001,47.726035,-122.343509,1538,5000,2020-10-05,Modern apartment downtown,R. Johnson,Rent,€,1.2M
802,139411.68,4.0,1.0,3191,1840,2,nan,1,4,C,1739,1500.0,1996,1960,98005,47.573741,-122.474037,2009,5000,2012-10-03,Beautiful house with garden,J. Smith,LEASE,GBP,600k USD
803,167516.35,4.0,1.0,3817,5115,2,NO,0,2,C,996,0.0,1978,1970,98004,47.70216,-122.344735,1569,5000,2010-02-18,Needs renovation,R. Johnson,Lease,GBP,nan
804,141678.74,3.0,2.0,1676,4776,1.5,YES,3,2,10,1584,0.0,1921,2020,98001,47.512966,-122.441704,2502,5000,2015-01-25,Recently renovated,R. Johnson,nan,£,"£300,000"
805,142864.39,5.0,1.0,2393,3803,two,NO,3,good,D,500,0.0,2004,1970,Unknown,47.751348,-122.408004,2273,5000,2015-04-14,Spacious family home,Smith John,LEASE,USD,"€400,000"
806,148337.95,3.0,3.0,2455,5094,2,NO,1,1,10,1741,0.0,1926,0,98003,47.550887,-122.252764,2264,5000,2015-11-03,Spacious family home,J. Smith,nan,USD,1.2M
807,173970.34,2.0,3.5,2156,1920,1,NO,2,3,10,1830,500.0,1954,0,98002,47.709207,-122.47303,2428,5000,2014-03-06,Spacious family home,Smith John,sale,$,"£300,000"
808,140980.3,4.0,2.0,1920,3548,1.5,YES,2,1,C,1873,1000.0,2000,2020,Unknown,47.567344,-122.31411,2156,5000,2010-11-25,Spacious family home,nan,Rent,€,"750,000.50"
809,237216.1,4.0,2.0,2348,2800,2.5,NO,3,3,8,1302,0.0,1931,0,98005,47.520536,-122.256215,2218,5000,2017-04-11,Beautiful house with garden,nan,Lease,€,"750,000.50"
810,124444.84,3.0,2.0,500,4552,2.5,NO,1,3,8,1654,1000.0,1959,0,Unknown,47.644448,-122.331257,2573,5000,2022-05-27,Needs renovation,J. Smith,Lease,$,"€400,000"
811,153881.56,5.0,3.0,2545,2814,1.5,NO,0,3,D,2211,0.0,2008,2000,98005,47.550786,-122.492349,1946,5000,2011-08-11,Modern apartment downtown,Maria Garcia,nan,€,nan
812,142640.2,5.0,1.0,2100,2459,3,NO,0,2,9,2206,0.0,1982,0,98006,47.718833,-122.105792,2242,5000,2018-10-11,Recently renovated,John Smith,nan,nan,"€400,000"
813,251222.27,2.0,2.5,1822,3906,1,NO,1,3,B,1485,500.0,1927,0,Unknown,47.57127,-122.353154,1578,5000,2014-05-18,Cozy cottage,nan,nan,nan,price: 600000
814,172640.46,,2.5,3637,4619,1.5,NO,1,4,A,1569,500.0,1927,2000,98001,47.602742,-122.188569,2031,5000,2020-07-18,nan,Smith John,Sale,€,1.2M
815,221804.88,2.0,2.5,1460,2134,3,NO,1,4,8,2055,0.0,2019,2020,98006,47.670232,-122.369741,2903,5000,2016-10-08,Spacious family home,Maria Garcia,sale,nan,"€400,000"
816,104227.56,2.0,1.5,1677,2891,3,NO,0,3,7,749,0.0,1973,0,98005,47.58549,-122.309993,2325,5000,2017-09-18,Luxury villa,John Smith,Sale,GBP,price: 600000
817,176330.45,2.0,3.0,3593,1755,2,NO,2,3,10,1338,0.0,1983,1990,98001,47.613396,-122.344615,1965,5000,2022-08-13,Spacious family home,John Smith,nan,€,1.2M
818,212540.8,5.0,1.0,1334,1000,3,NO,0,2,9,2167,0.0,1924,0,98004,47.744687,-122.362984,2105,5000,2013-11-09,Needs renovation,M. Garcia,nan,nan,"750,000.50"
819,166822.42,4.0,1.5,1559,3295,1,NO,0,2,9,1987,0.0,1984,0,98001,47.553763,-122.491259,1991,5000,2012-10-08,Needs renovation,R. Johnson,Lease,USD,800K
820,224054.39,2.0,3.5,1882,4041,3,NO,1,2,7,1684,500.0,1977,2010,98006,47.52466,-122.355992,2092,5000,2022-10-04,nan,M. Garcia,sale,GBP,800K
821,139359.68,3.0,3.0,2672,3398,1.5,NO,0,2,7,747,0.0,1985,2020,98004,47.598507,-122.144204,1840,5000,2022-01-16,Beautiful house with garden,R. Johnson,sale,USD,"1,500,000"
822,248402.14,4.0,1.0,2166,1124,1,no,1,2,8,1475,500.0,2016,0,nan,47.627313,-122.223843,2197,5000,2021-01-27,Beautiful house with garden,M. Garcia,LEASE,USD,1.2M
823,324379.51,1.0,1.5,965,2501,1,yes,0,3,C,1205,0.0,1925,0,98001,47.662798,-122.441831,2212,5000,2013-08-22,Luxury villa,Smith John,rent,nan,1.2M
824,145968.84,5.0,1.5,1574,1000,1.5,yes,1,3,9,1665,0.0,2007,0,98005,47.611727,-122.263538,2002,5000,2017-02-17,Luxury villa,Smith John,Rent,nan,price: 600000
825,142393.44,4.0,2.0,1514,5912,1,NO,1,good,D,1095,0.0,1974,0,98002,47.736974,-122.143108,2056,5000,2015-07-17,Beautiful house with garden,R. Johnson,rent,$,600k USD
826,251705.58,3.0,1.5,1938,1731,1.5,NO,0,2,7,987,0.0,2018,0,98005,47.511796,-122.219986,2136,5000,2022-05-05,Recently renovated,nan,rent,£,800K
827,261416.88,,1.0,2340,5584,1,NO,0,4,D,500,1000.0,1970,0,98006,47.62953,-122.440526,1789,5000,2018-09-21,Luxury villa,John Smith,nan,€,"750,000.50"
828,139126.93,3.0,2.0,2334,4783,1,NO,4,5,8,2110,0.0,1916,0,98006,47.614677,-122.152867,2194,5000,2022-08-09,Beautiful house with garden,Smith John,Lease,€,price: 600000
829,143479.0,,3.0,579,1900,2,YES,1,3,D,1300,0.0,1981,0,Unknown,47.694274,-122.379382,2312,5000,2021-05-14,Spacious family home,John Smith,LEASE,€,"€400,000"
830,149561.75,4.0,2.5,2851,1691,1.5,NO,1,2,A,1578,1000.0,1906,0,Unknown,47.789883,-122.31837,2585,5000,2017-02-06,Beautiful house with garden,Maria Garcia,Rent,€,1.2M
831,108734.55,4.0,2.5,2202,3551,1.5,yes,0,2,8,1498,500.0,1955,1990,98001,47.653113,-122.289543,2127,5000,2019-02-24,Cozy cottage,J. Smith,nan,nan,"$500,000"
832,123550.4,2.0,1.0,3107,1954,2,NO,1,1,D,966,0.0,1963,0,98002,47.796063,-122.159797,1777,5000,2010-07-15,Recently renovated,John Smith,nan,GBP,price: 600000
833,120422.03,5.0,,2355,3137,3,NO,1,3,8,870,0.0,1919,0,98005,47.590675,-122.127357,1958,5000,2014-11-26,Beautiful house with garden,John Smith,rent,EUR,"£300,000"
834,129270.29,3.0,3.0,2881,2341,2.5,NO,1,4,B,997,500.0,1937,1990,98003,47.50926,-122.128139,1542,5000,2013-01-11,Beautiful house with garden,Maria Garcia,rent,USD,nan
835,161070.03,2.0,3.0,2373,1223,1.5,NO,2,1,A,1138,,1974,1970,98001,47.549699,-122.496818,2290,5000,2017-08-21,Spacious family home,R. Johnson,sale,£,500K
836,174602.01,1.0,3.0,3076,1000,2,NO,0,2,B,1683,1000.0,2007,0,98004,47.618537,-122.131245,1176,5000,2015-12-25,Luxury villa,M. Garcia,Lease,£,800K
837,259146.84,3.0,3.5,2417,3338,1,no,0,4,9,1102,0.0,1957,0,98003,47.5949,-122.478245,2409,5000,2011-06-23,Spacious family home,Robert Johnson,rent,EUR,"750,000.50"
838,120631.27,3.0,2.5,1921,2251,1,NO,3,4,A,2373,,1915,1960,98003,47.529116,-122.393691,2458,5592,2023-02-06,Cozy cottage,nan,Rent,EUR,"£300,000"
839,218665.12,4.0,1.5,3817,2260,1.5,yes,good,3,9,2013,0.0,1950,0,Unknown,47.629798,-122.294005,1000,5000,2011-12-20,Cozy cottage,R. Johnson,Sale,EUR,"1,500,000"
840,152634.79,5.0,2.5,2711,4221,2.5,NO,0,4,B,1904,0.0,2018,1970,98003,47.601435,-122.30803,2510,5000,2020-12-09,nan,M. Garcia,nan,nan,"750,000.50"
841,160357.49,1.0,3.0,2458,5360,1,no,1,3,B,1440,1000.0,1926,0,98001,47.536786,-122.258116,2410,5000,2010-11-02,Spacious family home,M. Garcia,Sale,GBP,"€400,000"
842,199275.95,4.0,3.0,978,2601,1,NO,0,2,B,2257,0.0,1950,0,98001,47.588835,-122.308222,1883,5000,2011-01-23,Beautiful house with garden,nan,Lease,EUR,"£300,000"
843,116213.4,2.0,2.5,969,2514,1,NO,0,3,A,1390,0.0,1974,0,Unknown,47.765931,-122.12625,1523,5000,2011-12-26,Spacious family home,R. Johnson,Sale,GBP,"$500,000"
844,182539.69,5.0,1.0,2234,3827,3,NO,0,3,10,1484,0.0,1915,1970,nan,47.590615,-122.40378,1664,5000,2023-09-20,Needs renovation,R. Johnson,sale,nan,600k USD
845,171088.4,4.0,2.0,2116,1512,2,NO,0,good,8,1584,0.0,1986,2000,98005,47.714187,-122.39039,1696,5000,2017-02-09,Modern apartment downtown,nan,sale,$,800K
846,188666.35,3.0,3.5,1508,3332,1,nan,2,1,8,1850,500.0,1959,0,98003,47.683614,-122.131705,2526,5000,2016-09-01,Modern apartment downtown,John Smith,Rent,$,1.2M
847,177504.39,4.0,2.5,2112,3928,2,NO,1,3,B,1818,500.0,1975,0,nan,47.628154,-122.469304,1820,5000,2016-05-29,Spacious family home,John Smith,LEASE,£,600k USD
848,339962.31,3.0,2.5,3270,4188,2,NO,0,3,C,1262,0.0,1939,0,98005,47.571708,-122.256176,2362,5000,2010-06-28,Luxury villa,Smith John,Lease,$,nan
849,134413.75,3.0,2.0,2556,1131,2,N,0,3,D,1233,0.0,1966,0,Unknown,47.610704,-122.227306,1950,5000,2015-03-19,Recently renovated,Smith John,Lease,GBP,800K
850,138787.73,4.0,2.0,1087,2037,1,NO,3,1,10,1819,1500.0,1901,2000,98006,47.677632,-122.297783,2022,5000,2014-09-01,Cozy cottage,J. Smith,nan,GBP,800K
851,135003.75,3.0,3.5,1910,1921,3,NO,0,3,B,1857,1000.0,2001,0,98003,47.605226,-122.222307,1371,5000,2019-04-07,Spacious family home,J. Smith,Sale,USD,nan
852,137772.2,3.0,2.5,1356,3133,1.5,NO,2,5,9,1303,0.0,1947,2010,98003,47.564469,-122.430898,1541,5000,2021-06-07,Luxury villa,Robert Johnson,rent,EUR,"€400,000"
853,134427.98,3.0,3.0,1689,3790,2,NO,0,3,D,706,,1951,0,98001,47.534939,-122.158947,2517,5000,2022-06-09,Spacious family home,R. Johnson,rent,€,"1,500,000"
854,232513.82,4.0,2.0,1669,6300,1,yes,1,3,C,1396,500.0,1923,2010,98002,47.76393,-122.44399,1937,5454,2023-04-24,Beautiful house with garden,Smith John,LEASE,€,"1,500,000"
855,249234.94,3.0,2.5,1617,2327,1.5,NO,0,2,D,1811,0.0,1992,1970,98006,47.632094,-122.339675,2120,5000,2022-10-10,Cozy cottage,R. Johnson,nan,EUR,"€400,000"
856,137142.54,2.0,1.5,995,2324,1.5,NO,0,2,A,2402,0.0,2010,0,Unknown,47.687562,-122.469897,2722,5000,2010-04-06,Cozy cottage,John Smith,rent,€,"€400,000"
857,126790.74,4.0,3.0,1897,5296,2,NO,0,3,10,901,0.0,2009,0,98006,47.647123,-122.281916,1948,5000,2013-07-07,Luxury villa,Maria Garcia,LEASE,€,800K
858,187479.48,4.0,2.0,1551,3457,1,no,0,5,B,1286,500.0,1997,0,98003,47.76177,-122.232102,1926,5000,2010-09-05,Cozy cottage,Smith John,nan,nan,"£300,000"
859,137906.76,2.0,2.0,500,5618,2.5,NO,1,fair,9,1305,0.0,1983,0,98001,47.66408,-122.123511,2482,5000,2012-09-08,Recently renovated,John Smith,Rent,€,1.2M
860,196787.46,2.0,2.5,3642,3443,1,no,2,3,A,2177,0.0,1981,0,98001,47.644234,-122.204266,2004,5000,2021-12-12,Spacious family home,R. Johnson,Lease,£,500K
861,172970.6,2.0,3.5,2871,1671,2,NO,0,3,10,1482,0.0,1977,0,98003,47.77738,-122.283559,2128,5000,2014-04-15,Needs renovation,nan,Sale,GBP,"1,500,000"
862,103288.03,3.0,1.0,1698,1530,2.5,NO,0,5,B,1046,1500.0,1981,2010,98003,47.715907,-122.126953,2398,5000,2015-11-12,Luxury villa,Smith John,Rent,GBP,"750,000.50"
863,258914.08,3.0,3.0,2015,1372,2,N,1,3,8,1779,0.0,1901,0,98005,47.533465,-122.308625,2000,5000,2012-01-06,Modern apartment downtown,M. Garcia,sale,GBP,500K
864,278943.16,4.0,2.0,1062,4150,2,NO,2,3,7,1297,1500.0,1964,1970,98001,47.553311,-122.275518,2315,5000,2019-04-11,Luxury villa,Smith John,sale,EUR,600k USD
865,135423.66,4.0,2.0,3356,5400,2,NO,excellent,2,10,887,1500.0,1919,2010,nan,47.736137,-122.261561,1953,5000,2017-04-13,nan,R. Johnson,sale,$,800K
866,144884.12,4.0,1.0,3517,7515,1.5,NO,1,4,D,1053,0.0,1933,2000,98003,47.750755,-122.336008,2392,5000,2011-03-25,Needs renovation,R. Johnson,LEASE,£,600k USD
867,177328.57,3.0,2.0,2125,4543,2.5,NO,1,3,9,2367,0.0,1940,0,Unknown,47.663557,-122.164607,2168,5000,2015-01-10,Cozy cottage,Robert Johnson,LEASE,£,"£300,000"
868,179932.5,4.0,2.5,2818,5331,1,NO,1,5,C,1692,0.0,1940,0,98004,47.666337,-122.42593,1909,5000,2022-11-29,nan,R. Johnson,nan,€,"1,500,000"
869,198305.35,3.0,1.0,2140,2230,2,nan,good,4,B,1553,1500.0,2011,0,98001,47.68958,-122.278063,2029,5000,2011-09-06,Needs renovation,M. Garcia,Lease,USD,"£300,000"
870,297467.83,,2.0,930,1672,2,yes,3,2,D,1375,0.0,1974,0,98006,47.631735,-122.211107,1022,5000,2013-12-04,Cozy cottage,John Smith,sale,GBP,800K
871,154340.4,4.0,3.5,1670,4559,1.5,NO,0,4,B,1646,0.0,1990,0,98006,47.70406,-122.13841,2477,5000,2012-05-26,Needs renovation,M. Garcia,LEASE,nan,500K
872,128092.87,2.0,1.0,2105,3673,1.5,NO,0,5,10,1640,0.0,1922,1980,98004,47.532544,-122.146433,1498,5000,2017-01-19,Recently renovated,Smith John,nan,£,600k USD
873,107603.05,4.0,3.0,1636,3145,1.5,YES,0,3,A,1646,0.0,1937,0,98004,47.788384,-122.296504,1572,5000,2013-02-07,Recently renovated,nan,LEASE,£,500K
874,130707.98,3.0,2.0,1825,3618,2.5,YES,1,2,8,1557,1500.0,1943,0,98001,47.725046,-122.242735,1824,5000,2023-05-03,Luxury villa,M. Garcia,rent,USD,"£300,000"
875,161145.33,4.0,2.5,1926,3503,two,NO,2,1,8,1934,500.0,1966,2020,98005,47.689352,-122.342305,1282,5000,2011-11-03,nan,Robert Johnson,LEASE,€,price: 600000
876,278832.73,1.0,2.0,1935,5664,2,yes,1,3,7,1511,1000.0,1961,0,nan,47.594897,-122.312729,2187,5000,2014-06-19,Recently renovated,Maria Garcia,sale,£,"750,000.50"
877,139346.18,2.0,1.5,2041,5695,2,NO,0,3,9,1011,0.0,1911,0,98001,47.548287,-122.137494,2144,5000,2019-02-01,Modern apartment downtown,M. Garcia,Rent,£,nan
878,174056.7,5.0,1.5,1151,3913,two,no,2,3,B,1193,0.0,1929,1970,98002,47.622803,-122.127718,1805,5000,2010-12-27,nan,R. Johnson,sale,$,600k USD
879,161954.89,2.0,1.0,1426,4550,1,YES,3,2,8,510,,1994,0,nan,47.698473,-122.141834,1728,5000,2016-07-20,Cozy cottage,Robert Johnson,nan,USD,"1,500,000"
880,232470.35,4.0,1.5,972,3854,1,NO,0,5,C,2513,0.0,1986,0,98002,47.690113,-122.444652,1722,5267,2020-09-06,Beautiful house with garden,M. Garcia,nan,nan,"€400,000"
881,347347.06,2.0,2.5,2782,2367,2,NO,2,2,9,1931,1500.0,1964,0,98005,47.614792,-122.159966,2245,5000,2012-03-08,Luxury villa,J. Smith,nan,nan,"£300,000"
882,138793.07,4.0,3.5,500,4351,2.5,NO,1,2,10,1084,0.0,1940,1990,98004,47.683986,-122.120655,1362,5000,2014-11-19,Spacious family home,Maria Garcia,rent,€,"£300,000"
883,140528.86,4.0,3.0,2922,1484,3,NO,4,3,10,1359,0.0,1919,0,98004,47.744124,-122.3555,1836,5000,2010-03-08,Spacious family home,John Smith,sale,€,nan
884,222625.94,3.0,2.5,3109,5049,1.5,nan,3,3,A,1181,500.0,2017,0,98003,47.507885,-122.292541,1388,5000,2018-04-23,Luxury villa,R. Johnson,Sale,GBP,600k USD
885,199699.19,3.0,1.0,1758,1640,1,NO,1,2,C,2271,,1905,0,98002,47.635186,-122.188362,2307,5000,2015-09-22,Beautiful house with garden,Robert Johnson,rent,$,nan
886,283229.33,2.0,2.0,500,3438,1.5,N,2,2,B,790,,1974,0,98001,47.727567,-122.275169,1865,5134,2016-03-26,Spacious family home,M. Garcia,Lease,€,"750,000.50"
887,193915.63,1.0,2.0,1710,1953,1,NO,4,2,A,1557,0.0,1998,0,98006,47.663843,-122.102607,2218,5000,2019-08-17,Luxury villa,nan,sale,$,nan
888,146124.22,3.0,1.5,1948,3931,1,nan,1,4,B,1445,0.0,1903,0,98006,47.695443,-122.317715,2499,5120,2010-08-22,Luxury villa,Maria Garcia,LEASE,GBP,nan
889,194307.35,4.0,2.5,1191,2930,2.5,NO,0,4,9,1913,0.0,1992,0,98005,47.655003,-122.214423,2506,5000,2013-05-07,Needs renovation,John Smith,Rent,nan,"€400,000"
890,226978.61,5.0,2.5,1587,1342,1,N,3,3,B,1447,500.0,1909,0,98005,47.797562,-122.182964,1591,5000,2016-12-19,Modern apartment downtown,Maria Garcia,sale,USD,"$500,000"
891,208177.14,5.0,2.0,3224,3678,2.5,YES,0,4,7,620,500.0,1950,0,98002,47.516386,-122.30236,2123,5000,2012-11-21,nan,Robert Johnson,Rent,£,500K
892,189507.18,4.0,2.0,2531,2232,1.5,NO,0,4,8,1374,0.0,1992,0,98001,47.647313,-122.157206,2448,5000,2023-11-17,Spacious family home,J. Smith,nan,£,600k USD
893,224134.68,4.0,3.0,1260,4631,2,Y,4,2,9,1013,,1937,0,Unknown,47.527425,-122.281538,2278,5000,2022-06-21,Modern apartment downtown,Robert Johnson,nan,EUR,"750,000.50"
894,231142.27,4.0,3.0,721,2982,1,NO,2,fair,C,1539,500.0,1900,0,98003,47.547936,-122.33534,2318,5000,2019-03-02,Cozy cottage,Robert Johnson,Sale,EUR,1.2M
895,246384.28,2.0,2.0,1738,3632,1.5,NO,1,5,C,2217,1000.0,2003,0,98002,47.614912,-122.456871,1286,5000,2013-03-15,Luxury villa,nan,Lease,EUR,price: 600000
896,197721.15,5.0,3.5,1829,1846,1,NO,0,2,D,630,0.0,1907,1970,98001,47.546662,-122.342635,2272,5000,2021-03-25,Beautiful house with garden,John Smith,LEASE,£,"$500,000"
897,154796.18,4.0,,2396,2220,one,N,0,2,B,1099,0.0,2001,1990,98001,47.789106,-122.206425,1682,5000,2011-05-09,Luxury villa,nan,rent,$,"750,000.50"
898,170078.28,3.0,2.0,1571,2370,2.5,NO,0,2,8,1223,,1980,0,98002,47.784037,-122.131485,2265,5000,2018-09-15,Spacious family home,nan,rent,EUR,"750,000.50"
899,233737.2,2.0,2.0,2409,4574,1.5,NO,0,2,C,1309,0.0,1982,0,Unknown,47.600833,-122.399328,2257,5000,2020-07-10,Modern apartment downtown,John Smith,Lease,USD,"£300,000"
900,127378.63,3.0,2.5,3548,6895,1,NO,2,4,8,1870,1000.0,1962,0,nan,47.691924,-122.357906,2235,5000,2023-10-14,Needs renovation,M. Garcia,Sale,€,"€400,000"
901,181789.01,3.0,3.5,2652,1993,two,YES,0,3,10,1413,,1932,0,Unknown,47.660126,-122.438416,1955,5000,2013-09-25,nan,Smith John,Sale,$,"750,000.50"
902,144639.3,5.0,3.5,1961,5107,1.5,no,1,4,8,1707,500.0,1914,0,nan,47.744676,-122.223711,2526,5000,2019-04-22,Needs renovation,Robert Johnson,nan,£,1.2M
903,164164.37,3.0,1.0,1853,1007,1,NO,0,4,C,1187,0.0,2008,0,nan,47.688234,-122.115925,2204,5000,2012-11-22,Luxury villa,John Smith,sale,USD,nan
904,238836.75,3.0,2.0,1714,1640,2,NO,excellent,4,B,1614,0.0,1930,1960,98004,47.500076,-122.243619,2128,5000,2010-05-23,Beautiful house with garden,nan,Sale,nan,800K
905,172358.13,,2.5,2944,1845,two,Y,0,4,10,1888,0.0,1920,0,98002,47.728952,-122.253169,1626,5237,2019-01-29,Cozy cottage,Robert Johnson,sale,£,"750,000.50"
906,165037.99,2.0,2.5,1498,1515,1,NO,0,1,D,1133,0.0,1902,0,98006,47.724054,-122.278604,2158,5000,2023-03-25,nan,Robert Johnson,Rent,$,price: 600000
907,108233.17,3.0,1.5,2036,1350,1,NO,0,3,B,1890,0.0,1965,1980,98002,47.652917,-122.464618,2791,5000,2017-08-05,Recently renovated,nan,Lease,$,"1,500,000"
908,203592.57,1.0,3.5,2040,3664,two,NO,1,4,B,1526,0.0,1934,0,98002,47.770876,-122.208198,1443,5000,2015-02-28,Spacious family home,John Smith,Rent,$,500K
909,197529.9,4.0,2.5,1598,2678,1,NO,1,1,B,2022,0.0,1940,0,98002,47.772534,-122.25918,2292,5055,2016-03-14,Luxury villa,J. Smith,Rent,GBP,"€400,000"
910,311444.5,5.0,3.0,902,3603,1,NO,1,1,10,1399,0.0,1958,2020,98004,47.657174,-122.235409,2342,5000,2015-04-09,Needs renovation,J. Smith,Rent,€,1.2M
911,148399.99,2.0,3.5,2258,4210,2,NO,1,5,B,1690,0.0,1915,2000,98002,47.682396,-122.140476,2690,5000,2021-01-28,Needs renovation,Robert Johnson,Rent,EUR,"€400,000"
912,173814.71,5.0,3.0,1951,3404,3,NO,0,4,7,1479,0.0,1955,1970,98001,47.798957,-122.186416,2290,5000,2016-10-17,Beautiful house with garden,J. Smith,rent,GBP,"750,000.50"
913,175398.38,2.0,2.0,2400,4141,1.5,NO,1,2,D,1451,0.0,1944,0,98003,47.589646,-122.187634,2004,5000,2015-03-06,Needs renovation,Robert Johnson,Sale,€,600k USD
914,261250.76,5.0,2.5,1573,2879,one,NO,1,4,8,1629,500.0,2014,0,Unknown,47.597385,-122.129126,2169,5000,2018-07-23,Spacious family home,nan,Lease,£,nan
915,158167.73,4.0,1.5,2976,1646,2,NO,0,4,8,1768,0.0,1958,2010,98004,47.554832,-122.104026,1892,5000,2012-07-30,Beautiful house with garden,M. Garcia,Lease,EUR,"$500,000"
916,176964.86,4.0,2.5,1298,5058,1,NO,0,3,8,875,0.0,1949,0,Unknown,47.76876,-122.267487,2487,5000,2014-06-04,Modern apartment downtown,John Smith,LEASE,nan,"1,500,000"
917,195315.01,1.0,1.5,3369,2220,one,NO,0,1,D,2216,500.0,1984,1990,98001,47.723347,-122.456447,1380,5000,2015-05-23,Beautiful house with garden,Robert Johnson,Rent,GBP,price: 600000
918,172126.12,,2.5,601,1867,1.5,NO,0,good,A,570,1000.0,1911,0,98001,47.531693,-122.316348,1804,5000,2018-10-28,Cozy cottage,J. Smith,Lease,GBP,"1,500,000"
919,142353.68,4.0,1.5,2347,2727,1,NO,2,3,D,1157,0.0,1991,0,98004,47.79453,-122.18496,2178,5000,2021-05-13,Spacious family home,J. Smith,nan,USD,1.2M
920,172512.85,3.0,1.0,2380,1888,2,NO,0,2,8,1452,500.0,1911,2020,98003,47.719289,-122.48891,2468,5000,2014-01-11,Cozy cottage,Maria Garcia,sale,nan,500K
921,224602.97,4.0,1.5,1363,2419,1.5,NO,0,3,8,1706,,1932,0,98005,47.755157,-122.477245,1994,5000,2012-11-24,Spacious family home,Maria Garcia,Lease,nan,1.2M
922,119616.42,2.0,1.0,2339,3540,1,NO,0,4,9,2288,1000.0,1983,0,98006,47.514445,-122.473137,1687,5000,2012-10-03,Modern apartment downtown,R. Johnson,nan,GBP,price: 600000
923,169378.46,5.0,3.0,3023,3548,1,NO,excellent,2,B,570,0.0,2003,0,98006,47.651488,-122.207586,1915,5000,2018-09-26,Luxury villa,J. Smith,Rent,$,600k USD
924,131921.69,2.0,3.0,500,1902,1.5,NO,4,2,8,1246,500.0,1948,0,nan,47.709579,-122.299533,1853,5000,2013-05-05,Beautiful house with garden,R. Johnson,Lease,£,price: 600000
925,232934.83,4.0,2.5,2402,2335,2.5,NO,0,2,B,500,0.0,1920,0,98003,47.662884,-122.352441,1871,5000,2022-10-06,Spacious family home,R. Johnson,Sale,nan,"€400,000"
926,103057.66,3.0,1.5,500,5100,2,no,0,fair,10,1515,0.0,1959,0,98002,47.699994,-122.457753,1825,5047,2023-04-29,Spacious family home,R. Johnson,Rent,GBP,"€400,000"
927,137629.9,1.0,1.0,1227,3820,one,no,0,2,C,1635,,1951,0,98004,47.745362,-122.207104,1826,5000,2014-12-03,Modern apartment downtown,M. Garcia,rent,$,600k USD
928,182255.27,2.0,1.0,3303,8412,1,NO,1,3,9,2295,0.0,1953,1970,98001,47.612301,-122.371592,1313,5000,2023-08-14,Recently renovated,Smith John,nan,€,"750,000.50"
929,260317.47,1.0,1.5,1534,5377,1,NO,0,good,A,1560,1500.0,1938,0,98002,47.754601,-122.39387,2120,5000,2017-11-11,Beautiful house with garden,Robert Johnson,Sale,€,"£300,000"
930,159575.9,3.0,3.5,1060,5282,1,NO,2,2,D,2022,0.0,2004,2020,98002,47.548875,-122.239072,2269,5000,2011-05-29,nan,Maria Garcia,Lease,nan,800K
931,137783.67,3.0,1.5,1841,1489,1,NO,1,fair,9,1791,,1948,0,98003,47.581266,-122.276396,2599,5000,2014-06-06,Spacious family home,Robert Johnson,rent,$,600k USD
932,286171.66,3.0,2.0,3654,4367,1,NO,4,good,B,1282,0.0,2005,0,98001,47.513004,-122.355036,2344,5000,2022-05-15,Needs renovation,Maria Garcia,LEASE,USD,price: 600000
933,105408.21,2.0,1.0,534,2902,2.5,NO,0,5,10,795,0.0,1963,0,98001,47.609328,-122.243405,2323,5623,2022-08-18,Modern apartment downtown,John Smith,Sale,USD,800K
934,84150.17,2.0,1.5,1158,2263,two,NO,3,2,8,1637,0.0,1999,1960,98005,47.613973,-122.391511,2118,5000,2020-04-15,Recently renovated,John Smith,LEASE,€,"750,000.50"
935,185721.65,4.0,2.5,3197,3242,one,NO,3,4,8,753,0.0,1985,2020,98005,47.741581,-122.182068,1294,5000,2015-07-26,Recently renovated,J. Smith,sale,£,800K
936,139998.04,1.0,2.5,3486,4781,1,NO,0,4,C,2147,0.0,1925,1980,98006,47.695939,-122.408272,2112,5000,2018-10-16,Modern apartment downtown,John Smith,Sale,GBP,"$500,000"
937,119806.13,5.0,1.5,1917,3829,3,NO,0,fair,D,1418,1000.0,1970,0,98005,47.631017,-122.436465,2044,5000,2011-12-06,Recently renovated,nan,rent,nan,500K
938,201291.01,5.0,1.0,1008,1921,1.5,NO,0,2,8,2097,0.0,1906,0,98001,47.695634,-122.187024,2411,5000,2014-08-01,Spacious family home,John Smith,LEASE,nan,1.2M
939,175104.85,4.0,2.0,3676,4320,1,NO,0,4,D,1259,500.0,1971,1990,98002,47.515835,-122.216843,2226,5000,2020-02-17,Recently renovated,Smith John,sale,€,800K
940,137417.14,3.0,1.5,3275,2167,3,NO,0,3,9,1634,0.0,1961,2010,98001,47.554081,-122.426944,1948,5000,2015-09-23,Beautiful house with garden,R. Johnson,LEASE,€,price: 600000
941,110847.28,5.0,1.5,2543,3322,2,NO,1,2,D,1604,0.0,1989,2020,Unknown,47.688084,-122.453502,2783,5000,2023-07-25,nan,M. Garcia,Lease,$,"€400,000"
942,211448.6,2.0,,1350,2561,1,NO,1,3,B,1477,,1987,0,98006,47.69241,-122.16464,2339,5000,2017-10-19,Needs renovation,J. Smith,Rent,USD,"1,500,000"
943,197809.62,1.0,2.5,1960,2671,1.5,NO,good,4,B,1283,0.0,1923,2020,98002,47.73224,-122.189361,2135,5000,2021-10-24,nan,Smith John,LEASE,£,800K
944,157983.72,2.0,2.5,1871,4372,1,YES,0,3,A,1696,500.0,1939,0,98002,47.6209,-122.369097,2182,5000,2022-10-08,nan,nan,Lease,$,"€400,000"
945,283223.35,4.0,2.0,2264,1772,2,NO,excellent,3,C,1036,500.0,2011,0,nan,47.716766,-122.236721,2024,5000,2014-11-13,Spacious family home,J. Smith,Rent,€,"750,000.50"
946,118063.11,1.0,2.0,3160,7884,1.5,no,0,fair,9,895,0.0,1975,0,98004,47.705194,-122.450336,2006,5000,2021-12-02,Modern apartment downtown,M. Garcia,Rent,EUR,"750,000.50"
947,102985.39,3.0,2.5,2703,1199,one,no,3,3,10,2121,1500.0,1946,0,Unknown,47.789018,-122.297181,1131,5000,2023-11-05,Needs renovation,J. Smith,rent,GBP,"£300,000"
948,132247.12,,2.5,1138,2210,1,NO,0,4,B,1863,500.0,1907,1970,98002,47.564539,-122.492508,1633,5000,2012-06-11,Luxury villa,Robert Johnson,nan,€,600k USD
949,160544.14,5.0,3.0,3101,3587,1.5,NO,0,3,10,1532,0.0,1953,1990,98002,47.665504,-122.343359,1783,5000,2012-08-29,Spacious family home,Robert Johnson,sale,$,nan
950,175080.62,3.0,1.5,2250,3992,1.5,YES,4,3,7,2332,1000.0,1908,1970,98006,47.680529,-122.470063,2180,5000,2010-04-13,Needs renovation,Robert Johnson,nan,EUR,1.2M
951,151392.21,1.0,2.5,2549,2834,2,no,0,4,9,1366,0.0,1902,0,98005,47.799594,-122.309941,1339,5000,2013-01-12,Recently renovated,John Smith,sale,EUR,"750,000.50"
952,180884.98,4.0,2.0,3173,2896,1.5,YES,2,good,9,2161,0.0,1953,0,98005,47.560355,-122.331327,1791,5000,2018-11-21,Luxury villa,M. Garcia,Sale,€,1.2M
953,111807.98,3.0,3.5,1110,3660,2,N,1,3,9,1587,,1920,1960,98004,47.656965,-122.322246,1740,5000,2020-03-01,Modern apartment downtown,Smith John,Lease,£,"750,000.50"
954,250980.21,2.0,2.5,1971,2655,3,NO,1,4,A,987,500.0,1994,0,98004,47.603856,-122.481867,2046,5000,2019-05-11,Modern apartment downtown,Smith John,rent,USD,600k USD
955,158792.67,1.0,2.5,1574,5982,two,NO,1,1,B,2424,1000.0,1947,1990,98006,47.657768,-122.355353,2181,5000,2021-05-14,nan,nan,LEASE,EUR,nan
956,227564.44,5.0,1.0,745,4535,2.5,N,2,2,A,1995,500.0,1946,0,98002,47.569639,-122.197406,1741,5000,2023-12-29,Beautiful house with garden,Maria Garcia,Lease,nan,nan
957,180379.38,4.0,2.5,2277,4611,3,YES,0,3,9,1439,1000.0,1987,0,98003,47.514284,-122.352434,1770,5000,2020-01-08,Recently renovated,Smith John,LEASE,GBP,"£300,000"
958,186656.62,4.0,1.0,4009,1838,2,NO,2,1,C,1863,1500.0,1967,0,Unknown,47.67177,-122.213931,1727,5000,2023-06-28,nan,R. Johnson,nan,$,800K
959,193093.57,5.0,2.0,527,2864,2.5,NO,4,2,10,1298,0.0,1983,2000,98002,47.600756,-122.352209,1843,5000,2012-07-08,Beautiful house with garden,Robert Johnson,LEASE,$,1.2M
960,186150.84,3.0,1.0,1974,2565,1.5,NO,0,3,C,1914,0.0,1962,0,98004,47.554582,-122.330704,1979,5000,2022-06-19,Beautiful house with garden,R. Johnson,nan,$,"750,000.50"
961,197366.33,3.0,2.5,2512,1802,1.5,NO,0,1,7,500,0.0,1915,0,98006,47.597181,-122.274443,2526,5000,2021-07-29,Recently renovated,nan,nan,nan,"750,000.50"
962,242497.28,3.0,1.5,2098,3569,1.5,NO,2,2,B,990,500.0,1973,1970,nan,47.514784,-122.119727,1595,5000,2022-07-25,Spacious family home,R. Johnson,LEASE,€,nan
963,172638.72,3.0,2.0,1909,2278,1.5,NO,1,3,B,1989,0.0,2006,0,98003,47.785133,-122.456456,2700,5000,2015-11-28,Luxury villa,Robert Johnson,Sale,$,"750,000.50"
964,201330.1,3.0,3.5,960,4136,1,YES,1,3,C,1375,0.0,1989,2000,98003,47.674344,-122.486834,1506,5000,2011-08-05,Cozy cottage,Maria Garcia,nan,nan,price: 600000
965,158431.77,4.0,1.5,2186,1745,one,N,0,good,D,1603,0.0,1992,0,Unknown,47.744431,-122.256817,2381,5000,2012-03-06,Beautiful house with garden,John Smith,Sale,$,nan
966,250705.74,4.0,2.5,1394,7041,1.5,NO,1,4,C,826,,1904,0,Unknown,47.626935,-122.120361,1809,5000,2018-10-03,Needs renovation,Smith John,rent,GBP,nan
967,132864.13,5.0,2.0,500,1904,1,NO,0,3,10,2423,500.0,1910,2000,98006,47.770994,-122.104111,1635,5000,2015-02-27,Luxury villa,M. Garcia,Sale,nan,"750,000.50"
968,279367.15,3.0,1.0,2955,3326,2,NO,1,good,A,2095,0.0,1928,0,98003,47.644995,-122.306334,2526,5000,2019-03-22,Spacious family home,Maria Garcia,rent,USD,"750,000.50"
969,160805.79,4.0,3.0,2766,4429,1,YES,3,4,C,1399,0.0,2008,0,98002,47.672184,-122.312767,2032,5000,2012-03-20,nan,Smith John,Sale,£,"1,500,000"
970,105954.76,4.0,1.0,2041,2241,1,NO,0,2,7,1297,0.0,1978,0,98005,47.647538,-122.242014,2017,5000,2018-01-12,Recently renovated,John Smith,sale,€,1.2M
971,169131.42,3.0,2.0,2183,4565,1,nan,1,2,A,2014,0.0,1969,0,Unknown,47.719983,-122.277746,1889,5000,2018-12-13,Modern apartment downtown,R. Johnson,rent,€,800K
972,132678.54,4.0,2.5,2859,1612,1.5,NO,excellent,4,9,2491,0.0,1947,0,Unknown,47.669997,-122.246365,1767,5000,2023-05-01,Spacious family home,M. Garcia,sale,$,"750,000.50"
973,209440.1,2.0,2.5,2179,6161,1.5,NO,2,3,10,1976,1500.0,1914,0,98001,47.58148,-122.1504,1929,5000,2018-03-04,nan,M. Garcia,nan,GBP,"1,500,000"
974,133814.9,3.0,2.5,2723,3002,2.5,NO,3,4,A,2585,,2006,2000,98003,47.543662,-122.201478,1000,5000,2011-07-27,Beautiful house with garden,nan,sale,EUR,"750,000.50"
975,142364.36,2.0,2.0,1762,2212,2,NO,1,4,C,1038,0.0,1983,1970,98003,47.681837,-122.301249,1258,5000,2013-04-21,Needs renovation,R. Johnson,rent,nan,"€400,000"
976,92331.24,3.0,1.0,3049,2566,1.5,no,3,4,C,1090,0.0,1933,0,nan,47.646754,-122.315254,2156,5000,2023-06-06,nan,John Smith,Lease,$,"$500,000"
977,142103.1,3.0,3.0,2256,4466,1.5,NO,0,fair,10,905,0.0,1959,0,98005,47.528793,-122.244159,2473,5000,2023-08-15,Luxury villa,Smith John,nan,nan,"€400,000"
978,78655.76,4.0,2.5,2155,2225,1.5,YES,0,3,8,1720,0.0,1961,0,98003,47.618685,-122.317717,2545,5000,2018-06-08,Recently renovated,R. Johnson,nan,$,"£300,000"
979,101197.48,,3.0,983,2049,2.5,NO,0,2,8,1587,0.0,1901,0,98001,47.654433,-122.316888,1617,5000,2016-09-26,Modern apartment downtown,J. Smith,Rent,€,800K
980,204459.34,4.0,3.0,2229,2668,1,NO,1,5,10,1424,0.0,2007,0,98004,47.748068,-122.493478,2077,5000,2014-10-08,Luxury villa,nan,Sale,€,500K
981,206022.37,4.0,3.0,1334,1654,1,NO,3,2,B,1904,0.0,1979,0,98001,47.52283,-122.430374,1122,5000,2020-12-19,Needs renovation,Smith John,LEASE,$,500K
982,184912.36,3.0,2.0,1489,7407,2.5,NO,0,4,7,2116,500.0,1918,0,Unknown,47.604549,-122.304595,1859,5000,2023-06-27,Cozy cottage,R. Johnson,Sale,€,price: 600000
983,121772.17,4.0,2.0,1347,2245,1.5,NO,2,fair,9,737,500.0,1997,0,98006,47.746797,-122.170939,2329,5000,2017-02-26,Modern apartment downtown,R. Johnson,LEASE,GBP,600k USD
984,160441.81,1.0,3.0,1147,4517,1,NO,2,4,8,1201,500.0,1948,0,98003,47.694527,-122.388509,1993,5000,2014-09-12,Recently renovated,Maria Garcia,Lease,EUR,"$500,000"
985,162578.99,2.0,2.0,3699,3310,1,NO,1,3,8,1910,0.0,1977,1970,98003,47.586987,-122.290943,1867,5000,2014-04-19,Luxury villa,Maria Garcia,Rent,EUR,500K
986,114977.37,3.0,1.5,3065,1822,two,N,0,3,9,1266,1500.0,1987,1970,Unknown,47.753601,-122.362015,1994,5000,2011-11-08,Spacious family home,Smith John,Lease,nan,500K
987,255510.68,3.0,3.5,3536,2972,3,Y,1,3,B,1100,,1927,0,98002,47.647988,-122.458078,2513,5000,2023-10-20,Beautiful house with garden,nan,Rent,EUR,600k USD
988,211759.97,1.0,3.5,1021,4411,2,NO,0,3,D,2009,0.0,1947,1980,98002,47.649506,-122.116681,1902,5000,2015-01-08,Recently renovated,Robert Johnson,rent,nan,800K
989,152315.72,2.0,2.0,2057,2713,1.5,NO,0,4,D,855,0.0,1995,0,nan,47.792976,-122.15813,2029,5000,2016-11-18,nan,Maria Garcia,rent,$,"£300,000"
990,164072.84,2.0,1.0,965,5412,2,NO,excellent,4,A,1349,0.0,1936,2000,Unknown,47.784135,-122.468603,2607,5000,2012-03-11,Needs renovation,J. Smith,LEASE,£,price: 600000
991,173254.15,,2.0,1443,4967,one,NO,0,4,10,1664,0.0,1973,0,Unknown,47.60756,-122.212085,1908,5000,2013-02-15,Spacious family home,Robert Johnson,sale,$,nan
992,88210.35,3.0,3.0,1265,4719,one,NO,0,2,B,1213,0.0,1948,1980,98001,47.542174,-122.360968,1345,5000,2018-05-11,Luxury villa,J. Smith,sale,$,800K
993,151122.61,3.0,3.5,2991,2368,1,NO,4,3,9,1891,0.0,2008,0,98001,47.5977,-122.10206,2547,5000,2015-07-25,Modern apartment downtown,M. Garcia,LEASE,GBP,"750,000.50"
994,132641.43,2.0,1.5,1683,1737,2.5,no,0,4,7,1215,0.0,1947,0,98001,47.509145,-122.379041,2406,5000,2014-02-17,Spacious family home,Maria Garcia,rent,EUR,"750,000.50"
995,120513.13,4.0,1.0,2854,2193,1,N,2,3,A,2204,0.0,1972,0,98002,47.50623,-122.404505,1113,5000,2013-01-15,Spacious family home,R. Johnson,LEASE,€,"$500,000"
996,149592.46,2.0,3.5,2483,3288,1,NO,0,3,9,1437,0.0,1987,0,98006,47.618657,-122.272844,1947,5000,2021-11-08,Needs renovation,Robert Johnson,sale,€,"1,500,000"
997,279094.57,2.0,2.0,3842,3916,2,NO,0,4,8,1835,,1999,0,98002,47.782306,-122.16595,1991,5000,2012-07-01,Beautiful house with garden,Smith John,LEASE,USD,"$500,000"
998,197255.05,3.0,2.5,816,1006,1.5,NO,0,4,7,1873,0.0,2019,0,98006,47.761407,-122.422992,2547,5000,2012-11-21,Cozy cottage,Robert Johnson,rent,USD,nan
999,137124.74,1.0,,3007,2968,two,NO,0,3,B,1186,500.0,1928,1990,98002,47.653433,-122.216239,1994,5000,2021-06-21,nan,R. Johnson,Lease,nan,500K
1000,193256.74,1.0,1.0,2917,3226,1,NO,1,5,B,500,0.0,1959,0,98003,47.669568,-122.475437,2066,5000,2014-10-17,nan,M. Garcia,Sale,£,nan
